code_ins,date_debut,date_fin,nom_officiel_rn,nom_unique_etnic,actif
11001,1/01/0001,31/03/2014,AARTSELAAR,Aartselaar,N
11001,1/04/2014,,AARTSELAAR,Aartselaar,O
11002,1/01/0001,31/03/2014,ANTWERPEN,Antwerpen,N
11002,1/04/2014,,ANTWERPEN,Antwerpen,O
11003,1/01/1830,31/12/1982,BERCHEM,Berchem (ANTWERPEN),N
11004,1/01/0001,31/03/2014,BOECHOUT,Boechout,N
11004,1/04/2014,,BOECHOUT,Boechout,O
11005,1/01/0001,31/03/2014,BOOM,Boom,N
11005,1/04/2014,,BOOM,Boom,O
11006,1/01/1836,31/12/1982,BORGERHOUT,Borgerhout,N
11007,1/01/0001,31/03/2014,BORSBEEK,Borsbeek,N
11007,1/04/2014,,BORSBEEK,Borsbeek,O
11008,1/01/0001,31/03/2014,BRASSCHAAT,Brasschaat,N
11008,1/04/2014,,BRASSCHAAT,Brasschaat,O
11009,1/01/0001,31/03/2014,BRECHT,Brecht,N
11009,1/04/2014,,BRECHT,Brecht,O
11010,1/01/1830,31/12/1976,BROECHEM,Broechem,N
11011,1/01/1830,31/12/1976,BURCHT,Burcht,N
11012,1/01/1836,31/12/1982,DEURNE,Deurne (ANTWERPEN),N
11013,1/01/0001,31/03/2014,EDEGEM,Edegem,N
11013,1/04/2014,,EDEGEM,Edegem,O
11014,1/01/1830,31/12/1982,EKEREN,Ekeren,N
11015,1/01/1830,31/12/1976,EMBLEM,Emblem,N
11016,1/01/0001,31/03/2014,ESSEN,Essen,N
11016,1/04/2014,,ESSEN,Essen,O
11017,1/01/1830,31/12/1976,HALLE,Halle (ANTWERPEN),N
11018,1/01/0001,31/03/2014,HEMIKSEM,Hemiksem,N
11018,1/04/2014,,HEMIKSEM,Hemiksem,O
11019,1/01/1830,31/12/1982,HOBOKEN,Hoboken,N
11020,1/01/1865,31/12/1976,HOEVENEN,Hoevenen,N
11021,1/01/0001,31/03/2014,HOVE,Hove,N
11021,1/04/2014,,HOVE,Hove,O
11022,1/01/0001,31/03/2014,KALMTHOUT,Kalmthout,N
11022,1/04/2014,,KALMTHOUT,Kalmthout,O
11023,1/01/0001,31/03/2014,KAPELLEN,Kapellen (ANTWERPEN),N
11023,1/04/2014,,KAPELLEN,Kapellen (ANTWERPEN),O
11024,1/01/0001,31/03/2014,KONTICH,Kontich,N
11024,1/04/2014,,KONTICH,Kontich,O
11025,1/01/0001,31/03/2014,LINT,Lint,N
11025,1/04/2014,,LINT,Lint,O
11026,1/01/1830,31/12/1976,LOENHOUT,Loenhout,N
11027,1/01/1830,31/12/1976,MASSENHOVEN,Massenhoven,N
11028,1/01/1830,31/12/1982,MERKSEM,Merksem,N
11029,1/01/0001,31/03/2014,MORTSEL,Mortsel,N
11029,1/04/2014,,MORTSEL,Mortsel,O
11030,1/01/0001,31/03/2014,NIEL,Niel,N
11030,1/04/2014,,NIEL,Niel,O
11031,1/01/1830,31/12/1976,OELEGEM,Oelegem,N
11032,1/01/1830,31/12/1976,OOSTMALLE,Oostmalle,N
11033,1/01/1830,31/12/1976,PULDERBOS,Pulderbos,N
11034,1/01/1830,31/12/1976,PULLE,Pulle,N
11035,1/01/0001,31/03/2014,RANST,Ranst,N
11035,1/04/2014,,RANST,Ranst,O
11036,1/01/1830,31/12/1976,REET,Reet,N
11037,1/01/0001,31/03/2014,RUMST,Rumst,N
11037,1/04/2014,,RUMST,Rumst,O
11038,1/01/0001,31/03/2014,SCHELLE,Schelle,N
11038,1/04/2014,,SCHELLE,Schelle,O
11039,1/01/0001,31/03/2014,SCHILDE,Schilde,N
11039,1/04/2014,,SCHILDE,Schilde,O
11040,1/01/0001,31/03/2014,SCHOTEN,Schoten,N
11040,1/04/2014,,SCHOTEN,Schoten,O
11041,1/01/1830,31/12/1976,'S GRAVENWEZEL,'s Gravenwezel,N
11042,1/01/1830,31/12/1976,SINT-JOB-IN-'T GOOR,Sint-Job-in-'t Goor,N
11043,1/01/1846,31/12/1976,SINT-LENAARTS,Sint-Lenaarts,N
11044,1/01/0001,31/03/2014,STABROEK,Stabroek,N
11044,1/04/2014,,STABROEK,Stabroek,O
11045,1/01/1874,31/12/1976,TERHAGEN,Terhagen,N
11046,1/01/1830,31/12/1976,VIERSEL,Viersel,N
11047,1/01/1830,31/12/1976,VREMDE,Vremde,N
11048,1/01/1830,31/12/1976,WAARLOOS,Waarloos,N
11049,1/01/1830,31/12/1979,WESTMALLE,Westmalle,N
11050,1/01/0001,31/03/2014,WIJNEGEM,Wijnegem,N
11050,1/04/2014,,WIJNEGEM,Wijnegem,O
11051,1/01/1830,31/12/1982,WILRIJK,Wilrijk,N
11052,1/01/0001,31/03/2014,WOMMELGEM,Wommelgem,N
11052,1/04/2014,,WOMMELGEM,Wommelgem,O
11053,1/01/0001,31/03/2014,WUUSTWEZEL,Wuustwezel,N
11053,1/04/2014,,WUUSTWEZEL,Wuustwezel,O
11054,1/01/0001,31/03/2014,ZANDHOVEN,Zandhoven,N
11054,1/04/2014,,ZANDHOVEN,Zandhoven,O
11055,1/01/0001,31/03/2014,ZOERSEL,Zoersel,N
11055,1/04/2014,,ZOERSEL,Zoersel,O
11056,1/01/0001,31/03/2014,ZWIJNDRECHT,Zwijndrecht,N
11056,1/04/2014,,ZWIJNDRECHT,Zwijndrecht,O
11057,1/01/0001,31/03/2014,MALLE,Malle,N
11057,1/04/2014,,MALLE,Malle,O
11058,1/01/1830,31/12/1958,BERENDRECHT,Berendrecht,N
11059,1/01/1830,31/12/1958,LILLO,Lillo,N
11210,1/01/0001,31/03/2014,BRECHT (DISTRICT 2),Brecht (district 2),N
11210,1/04/2014,,BRECHT (DISTRICT 2),Brecht (district 2),O
11212,1/01/0001,31/03/2014,ANTWERPEN (BERENDRECHT),Antwerpen (Berendrecht),N
11212,1/04/2014,,ANTWERPEN (BERENDRECHT),Antwerpen (Berendrecht),O
11222,1/01/0001,31/03/2014,ANTWERPEN (ZANDVLIET),Antwerpen (Zandvliet),N
11222,1/04/2014,,ANTWERPEN (ZANDVLIET),Antwerpen (Zandvliet),O
11223,1/01/0001,31/03/2014,ANTWERPEN (BERENDRECHT-ZANDVLIET-LILLO),Antwerpen (Berendrecht-Zandvliet-Lillo),N
11223,1/04/2014,,ANTWERPEN (BERENDRECHT-ZANDVLIET-LILLO),Antwerpen (Berendrecht-Zandvliet-Lillo),O
11232,1/01/0001,31/03/2014,ANTWERPEN (BERCHEM),Antwerpen (Berchem),N
11232,1/04/2014,,ANTWERPEN (BERCHEM),Antwerpen (Berchem),O
11242,1/01/0001,31/03/2014,ANTWERPEN (BORGERHOUT),Antwerpen (Borgerhout),N
11242,1/04/2014,,ANTWERPEN (BORGERHOUT),Antwerpen (Borgerhout),O
11252,1/01/0001,31/03/2014,ANTWERPEN (DEURNE),Antwerpen (Deurne),N
11252,1/04/2014,,ANTWERPEN (DEURNE),Antwerpen (Deurne),O
11262,1/01/0001,31/03/2014,ANTWERPEN (EKEREN),Antwerpen (Ekeren),N
11262,1/04/2014,,ANTWERPEN (EKEREN),Antwerpen (Ekeren),O
11272,1/01/0001,31/03/2014,ANTWERPEN (HOBOKEN),Antwerpen (Hoboken),N
11272,1/04/2014,,ANTWERPEN (HOBOKEN),Antwerpen (Hoboken),O
11282,1/01/0001,31/03/2014,ANTWERPEN (MERKSEM),Antwerpen (Merksem),N
11282,1/04/2014,,ANTWERPEN (MERKSEM),Antwerpen (Merksem),O
11292,1/01/0001,31/03/2014,ANTWERPEN (WILRIJK),Antwerpen (Wilrijk),N
11292,1/04/2014,,ANTWERPEN (WILRIJK),Antwerpen (Wilrijk),O
11700,1/01/1830,31/12/1958,ZANDVLIET,Zandvliet,N
12001,1/01/1830,31/12/1976,BEERZEL,Beerzel,N
12002,1/01/0001,31/03/2014,BERLAAR,Berlaar,N
12002,1/04/2014,,BERLAAR,Berlaar,O
12003,1/01/1830,31/12/1976,BEVEL,Bevel,N
12004,1/01/1830,31/12/1976,BLAASVELD,Blaasveld,N
12005,1/01/0001,31/03/2014,BONHEIDEN,Bonheiden,N
12005,1/04/2014,,BONHEIDEN,Bonheiden,O
12006,1/01/1836,31/12/1976,BOOISCHOT,Booischot,N
12007,1/01/0001,31/03/2014,BORNEM,Bornem,N
12007,1/04/2014,,BORNEM,Bornem,O
12008,1/01/1836,31/12/1976,BREENDONK,Breendonk,N
12009,1/01/0001,31/03/2014,DUFFEL,Duffel,N
12009,1/04/2014,,DUFFEL,Duffel,O
12010,1/01/1830,31/12/1964,GESTEL,Gestel,N
12011,1/01/1876,31/12/1976,HALLAAR,Hallaar,N
12012,1/01/1830,31/12/1976,HEFFEN,Heffen,N
12013,1/01/1830,31/12/1976,HEINDONK,Heindonk,N
12014,1/01/0001,31/03/2014,HEIST-OP-DEN-BERG,Heist-op-den-Berg,N
12014,1/04/2014,,HEIST-OP-DEN-BERG,Heist-op-den-Berg,O
12015,1/01/1830,31/12/1976,HINGENE,Hingene,N
12016,1/01/1830,31/12/1976,HOMBEEK,Hombeek,N
12017,1/01/1830,31/12/1976,ITEGEM,Itegem,N
12018,1/01/1830,31/12/1976,KESSEL,Kessel,N
12019,1/01/1830,31/12/1976,KONINGSHOOIKT,Koningshooikt,N
12020,1/01/1830,31/12/1976,LEEST,Leest,N
12021,1/01/0001,31/03/2014,LIER,Lier,N
12021,1/04/2014,,LIER,Lier,O
12022,1/01/1830,31/12/1976,LIEZELE,Liezele,N
12023,1/01/1830,31/12/1976,LIPPELO,Lippelo,N
12024,1/01/1830,31/12/1976,MARIEKERKE,Mariekerke,N
12025,1/01/0001,31/03/2014,MECHELEN,Mechelen,N
12025,1/04/2014,,MECHELEN,Mechelen,O
12026,1/01/0001,31/03/2014,NIJLEN,Nijlen,N
12026,1/04/2014,,NIJLEN,Nijlen,O
12027,1/01/1830,31/12/1976,ONZE-LIEVE-VROUW-WAVER,Onze-Lieve-Vrouw-Waver,N
12028,1/01/1830,31/12/1976,OPPUURS,Oppuurs,N
12029,1/01/0001,31/03/2014,PUTTE,Putte,N
12029,1/04/2014,,PUTTE,Putte,O
12030,1/01/0001,31/03/2014,PUURS,Puurs,N
12030,1/04/2014,31/12/2018,PUURS,Puurs,N
12031,1/01/1830,31/12/1976,RIJMENAM,Rijmenam,N
12032,1/01/1830,31/12/1976,RUISBROEK,Ruisbroek (ANTWERPEN),N
12033,1/01/1830,31/12/1976,SCHRIEK,Schriek,N
12034,1/01/0001,31/03/2014,SINT-AMANDS,Sint-Amands,N
12034,1/04/2014,31/12/2018,SINT-AMANDS,Sint-Amands,N
12035,1/01/0001,31/03/2014,SINT-KATELIJNE-WAVER,Sint-Katelijne-Waver,N
12035,1/04/2014,,SINT-KATELIJNE-WAVER,Sint-Katelijne-Waver,O
12036,1/01/1830,31/12/1976,TISSELT,Tisselt,N
12037,1/01/1830,31/12/1976,WALEM,Walem,N
12038,1/01/1830,31/12/1976,WEERT,Weert,N
12039,1/01/1830,31/12/1976,WIEKEVORST,Wiekevorst,N
12040,1/01/0001,31/03/2014,WILLEBROEK,Willebroek,N
12040,1/04/2014,,WILLEBROEK,Willebroek,O
12041,1/01/2019,,PUURS-SINT-AMANDS,Puurs-Sint-Amands,O
13001,1/01/0001,31/03/2014,ARENDONK,Arendonk,N
13001,1/04/2014,,ARENDONK,Arendonk,O
13002,1/01/0001,31/03/2014,BAARLE-HERTOG,Baarle-Hertog,N
13002,1/04/2014,,BAARLE-HERTOG,Baarle-Hertog,O
13003,1/01/0001,31/03/2014,BALEN,Balen,N
13003,1/04/2014,,BALEN,Balen,O
13004,1/01/0001,31/03/2014,BEERSE,Beerse,N
13004,1/04/2014,,BEERSE,Beerse,O
13005,1/01/1830,31/12/1976,BOUWEL,Bouwel,N
13006,1/01/0001,31/03/2014,DESSEL,Dessel,N
13006,1/04/2014,,DESSEL,Dessel,O
13007,1/01/1830,31/12/1976,EINDHOUT,Eindhout,N
13008,1/01/0001,31/03/2014,GEEL,Geel,N
13008,1/04/2014,,GEEL,Geel,O
13009,1/01/1830,31/12/1976,GIERLE,Gierle,N
13010,1/01/0001,31/03/2014,GROBBENDONK,Grobbendonk,N
13010,1/04/2014,,GROBBENDONK,Grobbendonk,O
13011,1/01/0001,31/03/2014,HERENTALS,Herentals,N
13011,1/04/2014,,HERENTALS,Herentals,O
13012,1/01/0001,31/03/2014,HERENTHOUT,Herenthout,N
13012,1/04/2014,,HERENTHOUT,Herenthout,O
13013,1/01/0001,31/03/2014,HERSELT,Herselt,N
13013,1/04/2014,,HERSELT,Herselt,O
13014,1/01/0001,31/03/2014,HOOGSTRATEN,Hoogstraten,N
13014,1/04/2014,,HOOGSTRATEN,Hoogstraten,O
13015,1/01/1830,31/12/1976,HOUTVENNE,Houtvenne,N
13016,1/01/0001,31/03/2014,HULSHOUT,Hulshout,N
13016,1/04/2014,,HULSHOUT,Hulshout,O
13017,1/01/0001,31/03/2014,KASTERLEE,Kasterlee,N
13017,1/04/2014,,KASTERLEE,Kasterlee,O
13018,1/01/1830,31/12/1976,LICHTAART,Lichtaart,N
13019,1/01/0001,31/03/2014,LILLE,Lille,N
13019,1/04/2014,,LILLE,Lille,O
13020,1/01/1830,31/12/1976,MEER,Meer,N
13021,1/01/0001,31/03/2014,MEERHOUT,Meerhout,N
13021,1/04/2014,,MEERHOUT,Meerhout,O
13022,1/01/1830,31/12/1976,MEERLE,Meerle,N
13023,1/01/0001,31/03/2014,MERKSPLAS,Merksplas,N
13023,1/04/2014,,MERKSPLAS,Merksplas,O
13024,1/01/1830,31/12/1976,MINDERHOUT,Minderhout,N
13025,1/01/0001,31/03/2014,MOL,Mol,N
13025,1/04/2014,,MOL,Mol,O
13026,1/01/1830,31/12/1976,MORKHOVEN,Morkhoven,N
13027,1/01/1830,31/12/1976,NOORDERWIJK,Noorderwijk,N
13028,1/01/1830,31/12/1976,OEVEL,Oevel,N
13029,1/01/0001,31/03/2014,OLEN,Olen,N
13029,1/04/2014,,OLEN,Olen,O
13030,1/01/1830,31/12/1976,OLMEN,Olmen,N
13031,1/01/0001,31/03/2014,OUD-TURNHOUT,Oud-Turnhout,N
13031,1/04/2014,,OUD-TURNHOUT,Oud-Turnhout,O
13032,1/01/1830,31/12/1976,POEDERLEE,Poederlee,N
13033,1/01/1830,31/12/1976,POPPEL,Poppel,N
13034,1/01/1865,31/12/1976,RAMSEL,Ramsel,N
13035,1/01/0001,31/03/2014,RAVELS,Ravels,N
13035,1/04/2014,,RAVELS,Ravels,O
13036,1/01/0001,31/03/2014,RETIE,Retie,N
13036,1/04/2014,,RETIE,Retie,O
13037,1/01/0001,31/03/2014,RIJKEVORSEL,Rijkevorsel,N
13037,1/04/2014,,RIJKEVORSEL,Rijkevorsel,O
13038,1/01/1830,31/12/1976,TIELEN,Tielen,N
13039,1/01/1830,31/12/1970,TONGERLO,Tongerlo (ANTWERPEN),N
13040,1/01/0001,31/03/2014,TURNHOUT,Turnhout,N
13040,1/04/2014,,TURNHOUT,Turnhout,O
13041,1/01/1830,31/12/1970,VARENDONK,Varendonk,N
13042,1/01/1830,31/12/1976,VEERLE,Veerle,N
13043,1/01/1830,31/12/1976,VLIMMEREN,Vlimmeren,N
13044,1/01/0001,31/03/2014,VORSELAAR,Vorselaar,N
13044,1/04/2014,,VORSELAAR,Vorselaar,O
13045,1/01/1830,31/12/1976,VORST,Vorst,N
13046,1/01/0001,31/03/2014,VOSSELAAR,Vosselaar,N
13046,1/04/2014,,VOSSELAAR,Vosselaar,O
13047,1/01/1830,31/12/1976,WECHELDERZANDE,Wechelderzande,N
13048,1/01/1830,31/12/1976,WEELDE,Weelde,N
13049,1/01/0001,31/03/2014,WESTERLO,Westerlo,N
13049,1/04/2014,,WESTERLO,Westerlo,O
13050,1/01/1830,31/12/1976,WESTMEERBEEK,Westmeerbeek,N
13051,1/01/1830,31/12/1976,WORTEL,Wortel,N
13052,1/01/1830,31/12/1970,ZOERLE-PARWIJS,Zoerle-Parwijs,N
13053,1/01/0001,31/03/2014,LAAKDAL,Laakdal,N
13053,1/04/2014,,LAAKDAL,Laakdal,O
21001,1/01/0001,,ANDERLECHT,Anderlecht,O
21002,1/01/0001,,AUDERGHEM,Auderghem,O
21003,1/01/0001,,BERCHEM-SAINTE-AGATHE,Berchem-Sainte-Agathe,O
21004,1/01/0001,,BRUXELLES,Bruxelles,O
21005,1/01/0001,,ETTERBEEK,Etterbeek,O
21006,1/01/0001,,EVERE,Evere,O
21007,1/01/0001,,FOREST,Forest (BRUXELLES),O
21008,1/01/0001,,GANSHOREN,Ganshoren,O
21009,1/01/0001,,IXELLES,Ixelles,O
21010,1/01/0001,,JETTE,Jette,O
21011,1/01/0001,,KOEKELBERG,Koekelberg,O
21012,1/01/0001,,MOLENBEEK-SAINT-JEAN,Molenbeek-Saint-Jean,O
21013,1/01/0001,,SAINT-GILLES,Saint-Gilles,O
21014,1/01/0001,,SAINT-JOSSE-TEN-NOODE,Saint-Josse-ten-Noode,O
21015,1/01/0001,,SCHAERBEEK,Schaerbeek,O
21016,1/01/0001,,UCCLE,Uccle,O
21017,1/01/0001,,WATERMAEL-BOITSFORT,Watermael-Boitsfort,O
21018,1/01/0001,,WOLUWE-SAINT-LAMBERT,Woluwe-Saint-Lambert,O
21019,1/01/0001,,WOLUWE-SAINT-PIERRE,Woluwe-Saint-Pierre,O
21204,1/01/0001,,BRUXELLES (DISTRICT 2),Bruxelles (district 2),O
23001,1/01/1830,31/12/1976,ALSEMBERG,Alsemberg,N
23002,1/01/0001,,ASSE,Asse,O
23003,1/01/0001,,BEERSEL,Beersel,O
23004,1/01/1830,31/12/1976,BEERT,Beert,N
23005,1/01/1830,31/12/1976,BEIGEM,Beigem,N
23006,1/01/1830,31/12/1976,BEKKERZEEL,Bekkerzeel,N
23007,1/01/1830,31/12/1976,BELLINGEN,Bellingen,N
23008,1/01/1830,31/12/1976,BERG,Berg (VLAAMS-BRABANT),N
23009,1/01/0001,,BIEVENE,Biévène,O
23010,1/01/1830,31/12/1976,BOGAARDEN,Bogaarden,N
23011,1/01/1830,31/12/1976,BORCHTLOMBEEK,Borchtlombeek,N
23012,1/01/1830,31/12/1976,BRUSSEGEM,Brussegem,N
23013,1/01/1830,31/12/1976,BUIZINGEN,Buizingen,N
23014,1/01/1830,31/12/1976,BUKEN,Buken,N
23015,1/01/1830,31/12/1976,DIEGEM,Diegem,N
23016,1/01/0001,,DILBEEK,Dilbeek,O
23017,1/01/1830,31/12/1976,DWORP,Dworp,N
23018,1/01/1830,31/12/1976,ELEWIJT,Elewijt,N
23019,1/01/1830,31/12/1976,ELINGEN,Elingen,N
23020,1/01/1830,31/12/1976,EPPEGEM,Eppegem,N
23021,1/01/1830,31/12/1976,ESSENE,Essene,N
23022,1/01/1830,31/12/1976,GAASBEEK,Gaasbeek,N
23023,1/01/0001,,GALMAARDEN,Galmaarden,O
23024,1/01/0001,,GOOIK,Gooik,O
23025,1/01/0001,,GRIMBERGEN,Grimbergen,O
23026,1/01/1830,31/12/1976,GROOT-BIJGAARDEN,Groot-Bijgaarden,N
23027,1/01/0001,,HALLE,Halle (VLAAMS-BRABANT),O
23028,1/01/1830,31/12/1976,HAMME,Hamme (VLAAMS-BRABANT),N
23029,1/01/1830,31/12/1976,HEIKRUIS,Heikruis,N
23030,1/01/1830,31/12/1980,HEKELGEM,Hekelgem,N
23031,1/01/1830,31/12/1976,HERFELINGEN,Herfelingen,N
23032,1/01/0001,,HERNE,Herne,O
23033,1/01/0001,,HOEILAART,Hoeilaart,O
23034,1/01/1870,31/12/1976,HOFSTADE,Hofstade (VLAAMS-BRABANT),N
23035,1/01/1830,31/12/1976,HUIZINGEN,Huizingen,N
23036,1/01/1830,31/12/1976,HUMBEEK,Humbeek,N
23037,1/01/1830,31/12/1976,ITTERBEEK,Itterbeek,N
23038,1/01/0001,,KAMPENHOUT,Kampenhout,O
23039,1/01/0001,,KAPELLE-OP-DEN-BOS,Kapelle-op-den-Bos,O
23040,1/01/1830,31/12/1976,KESTER,Kester,N
23041,1/01/1830,31/12/1976,KOBBEGEM,Kobbegem,N
23042,1/01/1830,31/12/1976,LEERBEEK,Leerbeek,N
23043,1/01/1830,31/12/1976,LEMBEEK,Lembeek,N
23044,1/01/0001,,LIEDEKERKE,Liedekerke,O
23045,1/01/0001,,LONDERZEEL,Londerzeel,O
23046,1/01/1928,31/12/1976,LOT,Lot,N
23047,1/01/0001,,MACHELEN,Machelen (VLAAMS-BRABANT),O
23048,1/01/1830,31/12/1976,MALDEREN,Malderen,N
23049,1/01/1830,31/12/1976,MAZENZELE,Mazenzele,N
23050,1/01/0001,,MEISE,Meise,O
23051,1/01/1830,31/12/1976,MELSBROEK,Melsbroek,N
23052,1/01/0001,,MERCHTEM,Merchtem,O
23053,1/01/1830,31/12/1976,MOLLEM,Mollem,N
23054,1/01/1830,31/12/1976,MUIZEN,Muizen (VLAAMS-BRABANT),N
23055,1/01/1830,31/12/1976,NEDEROKKERZEEL,Nederokkerzeel,N
23056,1/01/1874,31/12/1976,NIEUWENRODE,Nieuwenrode,N
23057,1/01/1830,31/12/1976,NOSSEGEM,Nossegem,N
23058,1/01/1830,31/12/1976,OETINGEN,Oetingen,N
23059,1/01/1830,31/12/1964,ONZE-LIEVE-VROUW-LOMBEEK,Onze-Lieve-Vrouw-Lombeek,N
23060,1/01/0001,,OPWIJK,Opwijk,O
23061,1/01/1830,31/12/1976,OUDENAKEN,Oudenaken,N
23062,1/01/0001,,OVERIJSE,Overijse,O
23063,1/01/1830,31/12/1964,PAMEL,Pamel,N
23064,1/01/0001,,PEPINGEN,Pepingen,O
23065,1/01/1830,31/12/1976,PERK,Perk,N
23066,1/01/1830,31/12/1976,PEUTIE,Peutie,N
23067,1/01/1830,31/12/1976,RAMSDONK,Ramsdonk,N
23068,1/01/1830,31/12/1976,RELEGEM,Relegem,N
23069,1/01/1830,31/12/1976,RUISBROEK,Ruisbroek (VLAAMS-BRABANT),N
23070,1/01/1830,31/12/1976,SCHEPDAAL,Schepdaal,N
23071,1/01/1830,31/12/1976,SINT-KATHERINA-LOMBEEK,Sint-Katherina-Lombeek,N
23072,1/01/1830,31/12/1976,SINT-KWINTENS-LENNIK,Sint-Kwintens-Lennik,N
23073,1/01/1830,31/12/1976,SINT-LAUREINS-BERCHEM,Sint-Laureins-Berchem,N
23074,1/01/1830,31/12/1976,SINT-MARTENS-BODEGEM,Sint-Martens-Bodegem,N
23075,1/01/1830,31/12/1976,SINT-MARTENS-LENNIK,Sint-Martens-Lennik,N
23076,1/01/1830,31/12/1976,SINT-PIETERS-KAPELLE,Sint-Pieters-Kapelle (VLAAMS-BRABANT),N
23077,1/01/0001,,SINT-PIETERS-LEEUW,Sint-Pieters-Leeuw,O
23078,1/01/1830,31/12/1976,SINT-STEVENS-WOLUWE,Sint-Stevens-Woluwe,N
23079,1/01/1830,31/12/1976,SINT-ULRIKS-KAPELLE,Sint-Ulriks-Kapelle,N
23080,1/01/1830,31/12/1976,STEENHUFFEL,Steenhuffel,N
23081,1/01/0001,,STEENOKKERZEEL,Steenokkerzeel,O
23082,1/01/1830,31/12/1976,STERREBEEK,Sterrebeek,N
23083,1/01/1830,31/12/1964,STRIJTEM,Strijtem,N
23084,1/01/1830,31/12/1976,STROMBEEK-BEVER,Strombeek-Bever,N
23085,1/01/1830,31/12/1976,TERALFENE,Teralfene,N
23086,1/01/0001,,TERNAT,Ternat,O
23087,1/01/1830,31/12/1976,TOLLEMBEEK,Tollembeek,N
23088,1/01/0001,,VILVOORDE,Vilvoorde,O
23089,1/01/1830,31/12/1976,VLEZENBEEK,Vlezenbeek,N
23090,1/01/1830,31/12/1976,VOLLEZELE,Vollezele,N
23091,1/01/1830,31/12/1976,WAMBEEK,Wambeek,N
23092,1/01/1830,31/12/1976,WEERDE,Weerde,N
23093,1/01/1830,31/12/1976,WOLVERTEM,Wolvertem,N
23094,1/01/0001,,ZAVENTEM,Zaventem,O
23095,1/01/1830,31/12/1976,ZELLIK,Zellik,N
23096,1/01/0001,,ZEMST,Zemst,O
23097,1/01/0001,,ROOSDAAL,Roosdaal,O
23098,1/01/0001,,DROGENBOS,Drogenbos,O
23099,1/01/0001,,KRAAINEM,Kraainem,O
23100,1/01/0001,,LINKEBEEK,Linkebeek,O
23101,1/01/0001,,RHODE-SAINT-GENESE,Rhode-Saint-Genèse,O
23102,1/01/0001,,WEMMEL,Wemmel,O
23103,1/01/0001,,WEZEMBEEK-OPPEM,Wezembeek-Oppem,O
23104,1/01/0001,,LENNIK,Lennik,O
23105,1/01/0001,,AFFLIGEM,Affligem,O
24001,1/01/0001,,AARSCHOT,Aarschot,O
24002,1/01/1922,31/12/1976,ASSENT,Assent,N
24003,1/01/1830,31/12/1976,ATTENHOVEN,Attenhoven,N
24004,1/01/1830,31/12/1976,ATTENRODE,Attenrode,N
24006,1/01/1830,31/12/1976,BAAL,Baal,N
24007,1/01/0001,,BEGIJNENDIJK,Begijnendijk,O
24008,1/01/0001,,BEKKEVOORT,Bekkevoort,O
24009,1/01/0001,,BERTEM,Bertem,O
24010,1/01/1830,31/12/1976,BETEKOM,Betekom,N
24011,1/01/0001,,BIERBEEK,Bierbeek,O
24012,1/01/1830,31/12/1976,BINKOM,Binkom,N
24013,1/01/1830,31/12/1976,BLANDEN,Blanden,N
24014,1/01/0001,,BOORTMEERBEEK,Boortmeerbeek,O
24015,1/01/1882,31/12/1970,BOST,Bost,N
24016,1/01/0001,,BOUTERSEM,Boutersem,O
24017,1/01/1830,31/12/1976,BUDINGEN,Budingen,N
24018,1/01/1830,31/12/1976,BUNSBEEK,Bunsbeek,N
24019,1/01/1830,31/12/1976,DEURNE,Deurne (VLAAMS-BRABANT),N
24020,1/01/0001,,DIEST,Diest,O
24021,1/01/1830,31/12/1970,DORMAAL,Dormaal,N
24022,1/01/1912,31/12/1971,DRIESLINTER,Drieslinter,N
24023,1/01/1830,31/12/1976,DUISBURG,Duisburg,N
24024,1/01/1830,31/12/1970,ELIKSEM,Eliksem,N
24025,1/01/1830,31/12/1976,ERPS-KWERPS,Erps-Kwerps,N
24026,1/01/1830,31/12/1976,EVERBERG,Everberg,N
24027,1/01/1830,31/12/1970,EZEMAAL,Ezemaal,N
24028,1/01/0001,,GEETBETS,Geetbets,O
24029,1/01/1830,31/12/1976,GELRODE,Gelrode,N
24030,1/01/1830,31/12/1980,GLABBEEK-ZUURBEMDE,Glabbeek-Zuurbemde,N
24031,1/01/1830,31/12/1976,GOETSENHOVEN,Goetsenhoven,N
24032,1/01/1830,31/12/1970,GRAZEN,Grazen,N
24033,1/01/0001,,HAACHT,Haacht,O
24035,1/01/1830,31/12/1976,HAKENDOVER,Hakendover,N
24036,1/01/1830,31/12/1976,HALLE-BOOIENHOVEN,Halle-Booienhoven,N
24037,1/01/1830,31/12/1970,HELEN-BOS,Helen-Bos,N
24038,1/01/0001,,HERENT,Herent,O
24039,1/01/1830,31/12/1976,HEVER,Hever,N
24040,1/01/1830,31/12/1976,HEVERLEE,Heverlee,N
24041,1/01/0001,,HOEGAARDEN,Hoegaarden,O
24042,1/01/1830,31/12/1976,HOELEDEN,Hoeleden,N
24043,1/01/0001,,HOLSBEEK,Holsbeek,O
24044,1/01/1830,31/12/1976,HOUWAART,Houwaart,N
24045,1/01/0001,,HULDENBERG,Huldenberg,O
24046,1/01/1922,31/12/1976,KAGGEVINNE,Kaggevinne,N
24047,1/01/1830,31/12/1976,KAPELLEN,Kapellen (VLAAMS-BRABANT),N
24048,1/01/0001,,KEERBERGEN,Keerbergen,O
24049,1/01/1830,31/12/1970,KERKOM,Kerkom,N
24050,1/01/1830,31/12/1976,KERSBEEK-MISKOM,Kersbeek-Miskom,N
24051,1/01/1830,31/12/1976,KESSEL-LO,Kessel-Lo,N
24052,1/01/1830,31/12/1976,KORBEEK-DIJLE,Korbeek-Dijle,N
24053,1/01/1830,31/12/1976,KORBEEK-LO,Korbeek-Lo,N
24054,1/01/0001,,KORTENAKEN,Kortenaken,O
24055,1/01/0001,,KORTENBERG,Kortenberg,O
24056,1/01/1830,31/12/1976,KORTRIJK-DUTSEL,Kortrijk-Dutsel,N
24057,1/01/1830,31/12/1976,KUMTICH,Kumtich,N
24058,1/01/1830,31/12/1970,LAAR,Laar,N
24059,1/01/0001,,LANDEN,Landen,O
24060,1/01/1830,31/12/1976,LANGDORP,Langdorp,N
24061,1/01/1830,31/12/1976,LEEFDAAL,Leefdaal,N
24062,1/01/0001,,LEUVEN,Leuven,O
24063,1/01/1830,31/12/1976,LINDEN,Linden,N
24064,1/01/1830,31/12/1976,LOONBEEK,Loonbeek,N
24065,1/01/1830,31/12/1976,LOVENJOEL,Lovenjoel,N
24066,1/01/0001,,LUBBEEK,Lubbeek,O
24067,1/01/1830,31/12/1976,MEENSEL-KIEZEGEM,Meensel-Kiezegem,N
24068,1/01/1830,31/12/1976,MEERBEEK,Meerbeek,N
24069,1/01/1830,31/12/1964,MELDERT,Meldert (VLAAMS-BRABANT),N
24070,1/01/1830,31/12/1970,MELKWEZER,Melkwezer,N
24071,1/01/1830,31/12/1976,MESSELBROEK,Messelbroek,N
24072,1/01/1830,31/12/1976,MOLENBEEK-WERSBEEK,Molenbeek-Wersbeek,N
24073,1/01/1900,31/12/1976,MOLENSTEDE,Molenstede,N
24074,1/01/1830,31/12/1970,NEERHESPEN,Neerhespen,N
24075,1/01/1830,31/12/1976,NEERIJSE,Neerijse,N
24076,1/01/1830,31/12/1970,NEERLANDEN,Neerlanden,N
24077,1/01/1830,31/12/1971,NEERLINTER,Neerlinter,N
24078,1/01/1830,31/12/1964,NEERVELP,Neervelp,N
24079,1/01/1830,31/12/1976,NEERWINDEN,Neerwinden,N
24080,1/01/1830,31/12/1976,NIEUWRODE,Nieuwrode,N
24081,1/01/1830,31/12/1970,OORBEEK,Oorbeek,N
24082,1/01/1830,31/12/1976,OPLINTER,Oplinter,N
24083,1/01/1830,31/12/1964,OPVELP,Opvelp,N
24084,1/01/1830,31/12/1970,ORSMAAL-GUSSENHOVEN,Orsmaal-Gussenhoven,N
24085,1/01/1830,31/12/1976,OTTENBURG,Ottenburg,N
24086,1/01/0001,,OUD-HEVERLEE,Oud-Heverlee,O
24087,1/01/1923,31/12/1976,OUTGAARDEN,Outgaarden,N
24088,1/01/1830,31/12/1970,OVERHESPEN,Overhespen,N
24089,1/01/1830,31/12/1970,OVERWINDEN,Overwinden,N
24090,1/01/1830,31/12/1976,PELLENBERG,Pellenberg,N
24091,1/01/1912,31/12/1976,RANSBERG,Ransberg,N
24092,1/01/1830,31/12/1976,RILLAAR,Rillaar,N
24093,1/01/1830,31/12/1970,ROOSBEEK,Roosbeek,N
24094,1/01/0001,,ROTSELAAR,Rotselaar,O
24095,1/01/1830,31/12/1976,RUMMEN,Rummen,N
24096,1/01/1830,31/12/1970,RUMSDORP,Rumsdorp,N
24097,1/01/1830,31/12/1976,SCHAFFEN,Schaffen,N
24098,1/01/1830,31/12/1976,SCHERPENHEUVEL,Scherpenheuvel,N
24099,1/01/1830,31/12/1976,SINT-AGATHA-RODE,Sint-Agatha-Rode,N
24100,1/01/1830,31/12/1976,SINT-JORIS-WEERT,Sint-Joris-Weert,N
24101,1/01/1830,31/12/1976,SINT-JORIS-WINGE,Sint-Joris-Winge,N
24102,1/01/1830,31/12/1976,SINT-MARGRIETE-HOUTEM,Sint-Margriete-Houtem,N
24103,1/01/1830,31/12/1976,SINT-PIETERS-RODE,Sint-Pieters-Rode,N
24104,1/01/0001,,TERVUREN,Tervuren,O
24105,1/01/1830,31/12/1976,TESTELT,Testelt,N
24106,1/01/1830,31/12/1976,TIELT,Tielt (VLAAMS BRABANT),N
24107,1/01/0001,,TIENEN,Tienen,O
24108,1/01/1830,31/12/1976,TILDONK,Tildonk,N
24109,1/01/0001,,TREMELO,Tremelo,O
24110,1/01/1830,31/12/1976,VAALBEEK,Vaalbeek,N
24111,1/01/1830,31/12/1976,VELTEM-BEISEM,Veltem-Beisem,N
24112,1/01/1830,31/12/1964,VERTRIJK,Vertrijk,N
24113,1/01/1830,31/12/1970,VISSENAKEN,Vissenaken,N
24114,1/01/1830,31/12/1976,VOSSEM,Vossem,N
24115,1/01/1830,31/12/1976,WAANRODE,Waanrode,N
24116,1/01/1830,31/12/1964,WAASMONT,Waasmont,N
24117,1/01/1830,31/12/1964,WALSBETS,Walsbets,N
24118,1/01/1830,31/12/1976,WALSHOUTEM,Walshoutem,N
24119,1/01/1830,31/12/1970,WANGE,Wange,N
24120,1/01/1830,31/12/1971,WEBBEKOM,Webbekom,N
24121,1/01/1830,31/12/1976,WERCHTER,Werchter,N
24122,1/01/1830,31/12/1976,WESPELAAR,Wespelaar,N
24123,1/01/1830,31/12/1976,WEZEMAAL,Wezemaal,N
24124,1/01/1830,31/12/1964,WEZEREN,Wezeren,N
24125,1/01/1830,31/12/1964,WILLEBRINGEN,Willebringen,N
24126,1/01/1830,31/12/1976,WILSELE,Wilsele,N
24127,1/01/1830,31/12/1976,WINKSELE,Winksele,N
24128,1/01/1830,31/12/1976,WOMMERSOM,Wommersom,N
24129,1/01/1830,31/12/1976,ZICHEM,Zichem,N
24130,1/01/0001,,ZOUTLEEUW,Zoutleeuw,O
24133,1/01/0001,,LINTER,Linter,O
24134,1/01/0001,,SCHERPENHEUVEL-ZICHEM,Scherpenheuvel-Zichem,O
24135,1/01/0001,,TIELT-WINGE,Tielt-Winge,O
24137,1/01/0001,,GLABBEEK,Glabbeek,O
25001,1/01/1830,31/12/1976,ARCHENNES,Archennes,N
25002,1/01/1830,31/12/1976,AUTRE-EGLISE,Autre-Eglise,N
25003,1/01/1830,31/12/1976,BAISY-THY,Baisy-Thy,N
25004,1/01/1830,31/12/1976,BAULERS,Baulers,N
25005,1/01/0001,,BEAUVECHAIN,Beauvechain,O
25006,1/01/1830,31/12/1976,BIERGES,Bierges,N
25007,1/01/1830,31/12/1976,BIERGHES,Bierghes,N
25008,1/01/1830,31/12/1976,BIEZ,Biez,N
25009,1/01/1830,31/12/1970,BOMAL,Bomal (BRABANT WALLON),N
25010,1/01/1830,31/12/1976,BONLEZ,Bonlez,N
25011,1/01/1830,31/12/1976,BORNIVAL,Bornival,N
25012,1/01/1830,31/12/1976,BOSSUT-GOTTECHAIN,Bossut-Gottechain,N
25013,1/01/1830,31/12/1976,BOUSVAL,Bousval,N
25014,1/01/0001,,BRAINE-L'ALLEUD,Braine-l'Alleud,O
25015,1/01/0001,,BRAINE-LE-CHATEAU,Braine-le-Château,O
25016,1/01/1830,31/12/1976,CEROUX-MOUSTY,Céroux-Mousty,N
25017,1/01/1830,31/12/1976,CHASTRE-VILLEROUX-BLANMONT,Chastre-Villeroux-Blanmont,N
25018,1/01/0001,,CHAUMONT-GISTOUX,Chaumont-Gistoux,O
25019,1/01/1830,31/12/1976,CLABECQ,Clabecq,N
25020,1/01/1830,31/12/1976,CORBAIS,Corbais,N
25021,1/01/1830,31/12/1976,CORROY-LE-GRAND,Corroy-le-Grand,N
25022,1/01/1830,31/12/1976,CORTIL-NOIRMONT,Cortil-Noirmont,N
25023,1/01/0001,,COURT-SAINT-ETIENNE,Court-Saint-Etienne,O
25024,1/01/1830,31/12/1976,COUTURE-SAINT-GERMAIN,Couture-Saint-Germain,N
25025,1/01/1830,31/12/1970,DION-LE-MONT,Dion-le-Mont,N
25026,1/01/1830,31/12/1970,DION-LE-VAL,Dion-le-Val,N
25027,1/01/1830,31/12/1976,DONGELBERG,Dongelberg,N
25028,1/01/1830,31/12/1970,ENINES,Enines,N
25029,1/01/1830,31/12/1970,FOLX-LES-CAVES,Folx-les-Caves,N
25030,1/01/1830,31/12/1970,GEEST-GEROMPONT-PETIT-ROSIERE,Geest-Gérompont-Petit-Rosière,N
25031,1/01/0001,,GENAPPE,Genappe,O
25032,1/01/1830,31/12/1976,GENTINNES,Gentinnes,N
25033,1/01/1830,31/12/1976,GENVAL,Genval,N
25034,1/01/1830,31/12/1976,GLABAIS,Glabais,N
25035,1/01/1830,31/12/1976,GLIMES,Glimes,N
25036,1/01/1830,31/12/1976,GRAND-ROSIERE-HOTTOMONT,Grand-Rosière-Hottomont,N
25037,1/01/0001,,GREZ-DOICEAU,Grez-Doiceau,O
25038,1/01/1830,31/12/1976,HAMME-MILLE,Hamme-Mille,N
25039,1/01/1830,31/12/1976,HAUT-ITTRE,Haut-Ittre,N
25040,1/01/1830,31/12/1976,HEVILLERS,Hévillers,N
25041,1/01/1830,31/12/1976,HOUTAIN-LE-VAL,Houtain-le-Val,N
25042,1/01/1830,31/12/1976,HUPPAYE,Huppaye,N
25043,1/01/0001,,INCOURT,Incourt,O
25044,1/01/0001,,ITTRE,Ittre,O
25045,1/01/1830,31/12/1976,JANDRAIN-JANDRENOUILLE,Jandrain-Jandrenouille,N
25046,1/01/1830,31/12/1976,JAUCHE,Jauche,N
25047,1/01/1830,31/12/1976,JAUCHELETTE,Jauchelette,N
25048,1/01/0001,,JODOIGNE,Jodoigne,O
25049,1/01/1830,31/12/1976,JODOIGNE-SOUVERAINE,Jodoigne-Souveraine,N
25050,1/01/0001,,LA HULPE,La Hulpe,O
25051,1/01/1830,31/12/1976,LASNE-CHAPELLE-SAINT-LAMBERT,Lasne-Chapelle-Saint-Lambert,N
25052,1/01/1830,31/12/1976,LATHUY,Lathuy,N
25053,1/01/1830,31/12/1976,L'ECLUSE,L'Ecluse,N
25054,1/01/1830,31/12/1976,LILLOIS-WITTERZEE,Lillois-Witterzée,N
25055,1/01/1830,31/12/1976,LIMAL,Limal,N
25056,1/01/1830,31/12/1976,LIMELETTE,Limelette,N
25057,1/01/1894,31/12/1976,LINSMEAU,Linsmeau,N
25058,1/01/1830,31/12/1976,LONGUEVILLE,Longueville,N
25059,1/01/1830,31/12/1976,LOUPOIGNE,Loupoigne,N
25060,1/01/1830,31/12/1976,MALEVES-SAINTE-MARIE-WASTINES,Malèves-Sainte-Marie-Wastines,N
25061,1/01/1830,31/12/1976,MARANSART,Maransart,N
25062,1/01/1830,31/12/1976,MARBAIS,Marbais,N
25063,1/01/1830,31/12/1976,MARILLES,Marilles,N
25064,1/01/1830,31/12/1976,MELIN,Mélin,N
25065,1/01/1830,31/12/1976,MELLERY,Mellery,N
25066,1/01/1830,31/12/1976,MONSTREUX,Monstreux,N
25067,1/01/1830,31/12/1970,MONT-SAINT-ANDRE,Mont-Saint-André,N
25068,1/01/0001,,MONT-SAINT-GUIBERT,Mont-Saint-Guibert,O
25069,1/01/1830,31/12/1976,NEERHEYLISSEM,Neerheylissem,N
25070,1/01/1830,31/12/1976,NETHEN,Nethen,N
25071,1/01/1830,31/12/1976,NIL-SAINT-VINCENT-SAINT-MARTIN,Nil-Saint-Vincent-Saint-Martin,N
25072,1/01/0001,,NIVELLES,Nivelles,O
25073,1/01/1830,31/12/1976,NODEBAIS,Nodebais,N
25074,1/01/1830,31/12/1976,NODUWEZ,Noduwez,N
25075,1/01/1830,31/12/1976,NOVILLE-SUR-MEHAIGNE,Noville-sur-Méhaigne,N
25076,1/01/1830,31/12/1976,OHAIN,Ohain,N
25077,1/01/1830,31/12/1970,OISQUERCQ,Oisquercq,N
25078,1/01/1830,31/12/1976,OPHAIN-BOIS-SEIGNEUR-ISAAC,Ophain-Bois-Seigneur-Isaac,N
25079,1/01/1830,31/12/1976,OPHEYLISSEM,Opheylissem,N
25080,1/01/1830,31/12/1976,OPPREBAIS,Opprebais,N
25081,1/01/1830,31/12/1976,ORBAIS,Orbais,N
25082,1/01/1830,31/12/1976,ORP-LE-GRAND,Orp-le-Grand,N
25083,1/01/1830,31/12/1976,OTTIGNIES,Ottignies,N
25084,1/01/0001,,PERWEZ,Perwez (BRABANT WALLON),O
25085,1/01/1830,31/12/1976,PIETRAIN,Piétrain,N
25086,1/01/1830,31/12/1976,PIETREBAIS,Piétrebais,N
25087,1/01/1830,31/12/1976,PLANCENOIT,Plancenoit,N
25088,1/01/1830,31/12/1976,QUENAST,Quenast,N
25089,1/01/1830,31/12/1976,RAMILLIES-OFFUS,Ramillies-Offus,N
25090,1/01/1830,31/12/1976,REBECQ-ROGNON,Rebecq-Rognon,N
25091,1/01/0001,,RIXENSART,Rixensart,O
25092,1/01/1830,31/12/1976,ROSIERES,Rosières,N
25093,1/01/1830,31/12/1976,ROUX-MIROIR,Roux-Miroir,N
25094,1/01/1830,31/12/1976,SAINT-GERY,Saint-Géry,N
25095,1/01/1830,31/12/1976,SAINT-JEAN-GEEST,Saint-Jean-Geest,N
25096,1/01/1830,31/12/1976,SAINT-REMY-GEEST,Saint-Remy-Geest,N
25097,1/01/1830,31/12/1976,SAINTES,Saintes,N
25098,1/01/1830,31/12/1976,SART-DAMES-AVELINES,Sart-Dames-Avelines,N
25099,1/01/1830,31/12/1976,THINES,Thines,N
25100,1/01/1830,31/12/1976,THOREMBAIS-LES-BEGUINES,Thorembais-les-Béguines,N
25101,1/01/1830,31/12/1976,THOREMBAIS-SAINT-TROND,Thorembais-Saint-Trond,N
25102,1/01/1830,31/12/1976,TILLY,Tilly,N
25103,1/01/1830,31/12/1976,TOURINNES-LA-GROSSE,Tourinnes-la-Grosse,N
25104,1/01/1830,31/12/1976,TOURINNES-SAINT-LAMBERT,Tourinnes-Saint-Lambert,N
25105,1/01/0001,,TUBIZE,Tubize,O
25106,1/01/1830,31/12/1976,VIEUX-GENAPPE,Vieux-Genappe,N
25107,1/01/0001,,VILLERS-LA-VILLE,Villers-la-Ville,O
25108,1/01/1830,31/12/1976,VIRGINAL-SAMME,Virginal-Samme,N
25109,1/01/1830,31/12/1976,WALHAIN-SAINT-PAUL,Walhain-Saint-Paul,N
25110,1/01/0001,,WATERLOO,Waterloo,O
25111,1/01/1830,31/12/1976,WAUTHIER-BRAINE,Wauthier-Braine,N
25112,1/01/0001,,WAVRE,Wavre,O
25113,1/01/1830,31/12/1976,WAYS,Ways,N
25114,1/01/1830,31/12/1976,ZETRUD-LUMAY,Zétrud-Lumay,N
25117,1/01/0001,,CHASTRE,Chastre,O
25118,1/01/0001,,HELECINE,Hélécine,O
25119,1/01/0001,,LASNE,Lasne,O
25120,1/01/0001,,ORP-JAUCHE,Orp-Jauche,O
25121,1/01/0001,,OTTIGNIES-LOUVAIN-LA-NEUVE,Ottignies-Louvain-la-Neuve,O
25122,1/01/0001,,RAMILLIES,Ramillies,O
25123,1/01/0001,,REBECQ,Rebecq,O
25124,1/01/0001,,WALHAIN,Walhain,O
31001,1/01/1830,31/12/1976,AARTRIJKE,Aartrijke,N
31002,1/01/1830,31/12/1970,ASSEBROEK,Assebroek,N
31003,1/01/0001,31/03/2014,BEERNEM,Beernem,N
31003,1/04/2014,,BEERNEM,Beernem,O
31004,1/01/0001,31/03/2014,BLANKENBERGE,Blankenberge,N
31004,1/04/2014,,BLANKENBERGE,Blankenberge,O
31005,1/01/0001,31/03/2014,BRUGGE,Brugge,N
31005,1/04/2014,,BRUGGE,Brugge,O
31006,1/01/0001,31/03/2014,DAMME,Damme,N
31006,1/04/2014,,DAMME,Damme,O
31007,1/01/1830,31/12/1970,DUDZELE,Dudzele,N
31008,1/01/1830,31/12/1970,HEIST,Heist,N
31009,1/01/1920,31/12/1976,HERTSBERGE,Hertsberge,N
31010,1/01/1830,31/12/1970,HOEKE,Hoeke,N
31011,1/01/1830,31/12/1976,HOUTAVE,Houtave,N
31012,1/01/0001,31/03/2014,JABBEKE,Jabbeke,N
31012,1/04/2014,,JABBEKE,Jabbeke,O
31013,1/01/1830,31/12/1970,KNOKKE,Knokke,N
31014,1/01/1830,31/12/1970,KOOLKERKE,Koolkerke,N
31015,1/01/1830,31/12/1970,LAPSCHEURE,Lapscheure,N
31016,1/01/1830,31/12/1970,LISSEWEGE,Lissewege,N
31017,1/01/1830,31/12/1976,LOPPEM,Loppem,N
31018,1/01/1830,31/12/1976,MEETKERKE,Meetkerke,N
31019,1/01/1830,31/12/1976,MOERKERKE,Moerkerke,N
31020,1/01/1830,31/12/1976,NIEUWMUNSTER,Nieuwmunster,N
31021,1/01/1830,31/12/1976,OEDELEM,Oedelem,N
31022,1/01/0001,31/03/2014,OOSTKAMP,Oostkamp,N
31022,1/04/2014,,OOSTKAMP,Oostkamp,O
31023,1/01/1830,31/12/1976,OOSTKERKE,Oostkerke (BRUGGE),N
31024,1/01/1830,31/12/1970,RAMSKAPELLE,Ramskapelle (BRUGGE),N
31025,1/01/1830,31/12/1976,RUDDERVOORDE,Ruddervoorde,N
31026,1/01/1830,31/12/1976,SIJSELE,Sijsele,N
31027,1/01/1830,31/12/1970,SINT-ANDRIES,Sint-Andries,N
31028,1/01/1830,31/12/1976,SINT-JORIS,Sint-Joris (BRUGGE),N
31029,1/01/1830,31/12/1970,SINT-KRUIS,Sint-Kruis,N
31030,1/01/1830,31/12/1970,SINT-MICHIELS,Sint-Michiels,N
31031,1/01/1830,31/12/1976,SNELLEGEM,Snellegem,N
31032,1/01/1830,31/12/1976,STALHILLE,Stalhille,N
31033,1/01/0001,31/03/2014,TORHOUT,Torhout,N
31033,1/04/2014,,TORHOUT,Torhout,O
31034,1/01/1830,31/12/1970,UITKERKE,Uitkerke,N
31035,1/01/1830,31/12/1976,VARSENARE,Varsenare,N
31036,1/01/1919,31/12/1976,VELDEGEM,Veldegem,N
31037,1/01/1830,31/12/1976,WAARDAMME,Waardamme,N
31038,1/01/1830,31/12/1976,WENDUINE,Wenduine,N
31039,1/01/1830,31/12/1970,WESTKAPELLE,Westkapelle,N
31040,1/01/0001,31/03/2014,ZEDELGEM,Zedelgem,N
31040,1/04/2014,,ZEDELGEM,Zedelgem,O
31041,1/01/1830,31/12/1976,ZERKEGEM,Zerkegem,N
31042,1/01/0001,31/03/2014,ZUIENKERKE,Zuienkerke,N
31042,1/04/2014,,ZUIENKERKE,Zuienkerke,O
31043,1/01/0001,31/03/2014,KNOKKE-HEIST,Knokke-Heist,N
31043,1/04/2014,,KNOKKE-HEIST,Knokke-Heist,O
31205,1/01/0001,31/03/2014,BRUGGE (DISTRICT 2),Brugge (district 2),N
31205,1/04/2014,,BRUGGE (DISTRICT 2),Brugge (district 2),O
32001,1/01/1830,31/12/1976,BEERST,Beerst,N
32002,1/01/1830,31/12/1970,BOVEKERKE,Bovekerke,N
32003,1/01/0001,31/03/2014,DIKSMUIDE,Diksmuide,N
32003,1/04/2014,,DIKSMUIDE,Diksmuide,O
32004,1/01/1830,31/12/1964,ESEN,Esen,N
32005,1/01/1830,31/12/1976,HANDZAME,Handzame,N
32006,1/01/0001,31/03/2014,HOUTHULST,Houthulst,N
32006,1/04/2014,,HOUTHULST,Houthulst,O
32007,1/01/1830,31/12/1964,KAASKERKE,Kaaskerke,N
32008,1/01/1830,31/12/1970,KEIEM,Keiem,N
32009,1/01/1830,31/12/1976,KLERKEN,Klerken,N
32010,1/01/0001,31/03/2014,KOEKELARE,Koekelare,N
32010,1/04/2014,,KOEKELARE,Koekelare,O
32011,1/01/0001,31/03/2014,KORTEMARK,Kortemark,N
32011,1/04/2014,,KORTEMARK,Kortemark,O
32012,1/01/1830,31/12/1970,LAMPERNISSE,Lampernisse,N
32013,1/01/1830,31/12/1976,LEKE,Leke,N
32014,1/01/1830,31/12/1976,LO,Lo,N
32015,1/01/1830,31/12/1976,MERKEM,Merkem,N
32016,1/01/1830,31/12/1970,NIEUWKAPELLE,Nieuwkapelle,N
32017,1/01/1830,31/12/1970,NOORDSCHOTE,Noordschote,N
32018,1/01/1830,31/12/1970,OOSTKERKE,Oostkerke (DIKSMUIDE),N
32019,1/01/1830,31/12/1970,OUDEKAPELLE,Oudekapelle,N
32020,1/01/1830,31/12/1970,POLLINKHOVE,Pollinkhove,N
32021,1/01/1830,31/12/1976,RENINGE,Reninge,N
32022,1/01/1830,31/12/1970,SINT-JACOBS-KAPELLE,Sint-Jacobs-Kapelle,N
32023,1/01/1830,31/12/1970,STUIVEKENSKERKE,Stuivekenskerke,N
32024,1/01/1830,31/12/1976,VLADSLO,Vladslo,N
32025,1/01/1830,31/12/1970,WERKEN,Werken,N
32026,1/01/1830,31/12/1976,WOUMEN,Woumen,N
32027,1/01/1830,31/12/1970,ZARREN,Zarren,N
32030,1/01/0001,31/03/2014,LO-RENINGE,Lo-Reninge,N
32030,1/04/2014,,LO-RENINGE,Lo-Reninge,O
33001,1/01/1830,31/12/1976,BESELARE,Beselare,N
33002,1/01/1830,31/12/1970,BIKSCHOTE,Bikschote,N
33003,1/01/1830,31/12/1976,BOEZINGE,Boezinge,N
33004,1/01/1830,31/12/1970,BRIELEN,Brielen,N
33005,1/01/1830,31/12/1976,DIKKEBUS,Dikkebus,N
33006,1/01/1830,31/12/1976,DRANOUTER,Dranouter,N
33007,1/01/1830,31/12/1976,ELVERDINGE,Elverdinge,N
33008,1/01/1830,31/12/1976,GELUVELD,Geluveld,N
33009,1/01/1830,31/12/1976,GELUWE,Geluwe,N
33010,1/01/1830,31/12/1970,HOLLEBEKE,Hollebeke,N
33011,1/01/0001,31/03/2014,IEPER,Ieper,N
33011,1/04/2014,,IEPER,Ieper,O
33012,1/01/1830,31/12/1976,KEMMEL,Kemmel,N
33013,1/01/1830,31/12/1970,KROMBEKE,Krombeke,N
33014,1/01/1830,31/12/1976,LANGEMARK,Langemark,N
33015,1/01/1830,31/12/1976,LOKER,Loker,N
33016,1/01/0001,31/03/2014,MESSINES,Messines,N
33016,1/04/2014,,MESSINES,Messines,O
33017,1/01/1830,31/12/1976,NIEUWKERKE,Nieuwkerke,N
33018,1/01/1830,31/12/1976,OOSTVLETEREN,Oostvleteren,N
33019,1/01/1830,31/12/1976,PASSENDALE,Passendale,N
33020,1/01/1904,31/12/1976,POELKAPELLE,Poelkapelle,N
33021,1/01/0001,31/03/2014,POPERINGE,Poperinge,N
33021,1/04/2014,,POPERINGE,Poperinge,O
33022,1/01/1830,31/12/1976,PROVEN,Proven,N
33023,1/01/1830,31/12/1976,RENINGELST,Reningelst,N
33024,1/01/1830,31/12/1976,ROESBRUGGE-HARINGE,Roesbrugge-Haringe,N
33025,1/01/1830,31/12/1970,SINT-JAN,Sint-Jan,N
33026,1/01/1830,31/12/1976,VLAMERTINGE,Vlamertinge,N
33027,1/01/1830,31/12/1970,VOORMEZELE,Voormezele,N
33028,1/01/1830,31/12/1976,WATOU,Watou,N
33029,1/01/0001,31/03/2014,WERVIK,Wervik,N
33029,1/04/2014,,WERVIK,Wervik,O
33030,1/01/1830,31/12/1976,WESTOUTER,Westouter,N
33031,1/01/1830,31/12/1976,WESTVLETEREN,Westvleteren,N
33032,1/01/1830,31/12/1976,WIJTSCHATE,Wijtschate,N
33033,1/01/1830,31/12/1976,WOESTEN,Woesten,N
33034,1/01/1830,31/12/1976,WULVERGEM,Wulvergem,N
33035,1/01/1830,31/12/1970,ZANDVOORDE,Zandvoorde (IEPER),N
33036,1/01/1830,31/12/1976,ZILLEBEKE,Zillebeke,N
33037,1/01/0001,31/03/2014,ZONNEBEKE,Zonnebeke,N
33037,1/04/2014,,ZONNEBEKE,Zonnebeke,O
33038,1/01/1830,31/12/1970,ZUIDSCHOTE,Zuidschote,N
33039,1/01/0001,31/03/2014,HEUVELLAND,Heuvelland,N
33039,1/04/2014,,HEUVELLAND,Heuvelland,O
33040,1/01/0001,31/03/2014,LANGEMARK-POELKAPELLE,Langemark-Poelkapelle,N
33040,1/04/2014,,LANGEMARK-POELKAPELLE,Langemark-Poelkapelle,O
33041,1/01/0001,31/03/2014,VLETEREN,Vleteren,N
33041,1/04/2014,,VLETEREN,Vleteren,O
34001,1/01/1830,31/12/1976,AALBEKE,Aalbeke,N
34002,1/01/0001,31/03/2014,ANZEGEM,Anzegem,N
34002,1/04/2014,,ANZEGEM,Anzegem,O
34003,1/01/0001,31/03/2014,AVELGEM,Avelgem,N
34003,1/04/2014,,AVELGEM,Avelgem,O
34004,1/01/1830,31/12/1976,BAVIKHOVE,Bavikhove,N
34005,1/01/1830,31/12/1976,BELLEGEM,Bellegem,N
34006,1/01/1830,31/12/1976,BEVEREN,Beveren (KORTRIJK),N
34007,1/01/1830,31/12/1976,BISSEGEM,Bissegem,N
34008,1/01/1830,31/12/1976,BOSSUIT,Bossuit,N
34009,1/01/0001,31/03/2014,DEERLIJK,Deerlijk,N
34009,1/04/2014,,DEERLIJK,Deerlijk,O
34010,1/01/1830,31/12/1976,DESSELGEM,Desselgem,N
34011,1/01/1830,31/12/1970,GIJZELBRECHTEGEM,Gijzelbrechtegem,N
34012,1/01/1830,31/12/1976,GULLEGEM,Gullegem,N
34013,1/01/0001,31/03/2014,HARELBEKE,Harelbeke,N
34013,1/04/2014,,HARELBEKE,Harelbeke,O
34014,1/01/1830,31/12/1976,HEESTERT,Heestert,N
34015,1/01/1830,31/12/1976,HELKIJN,Helkijn,N
34016,1/01/1830,31/12/1976,HEULE,Heule,N
34017,1/01/1830,31/12/1976,HULSTE,Hulste,N
34018,1/01/1830,31/12/1976,INGOOIGEM,Ingooigem,N
34019,1/01/1830,31/12/1976,KASTER,Kaster,N
34020,1/01/1830,31/12/1976,KERKHOVE,Kerkhove,N
34021,1/01/1830,31/12/1976,KOOIGEM,Kooigem,N
34022,1/01/0001,31/03/2014,KORTRIJK,Kortrijk,N
34022,1/04/2014,,KORTRIJK,Kortrijk,O
34023,1/01/0001,31/03/2014,KUURNE,Kuurne,N
34023,1/04/2014,,KUURNE,Kuurne,O
34024,1/01/1830,31/12/1976,LAUWE,Lauwe,N
34025,1/01/0001,31/03/2014,LENDELEDE,Lendelede,N
34025,1/04/2014,,LENDELEDE,Lendelede,O
34026,1/01/1830,31/12/1976,MARKE,Marke,N
34027,1/01/0001,31/03/2014,MENEN,Menen,N
34027,1/04/2014,,MENEN,Menen,O
34028,1/01/1830,31/12/1976,MOEN,Moen,N
34029,1/01/1830,31/12/1976,MOORSELE,Moorsele,N
34030,1/01/1830,31/12/1976,OTEGEM,Otegem,N
34031,1/01/1830,31/12/1976,OUTRIJVE,Outrijve,N
34032,1/01/1830,31/12/1976,REKKEM,Rekkem,N
34033,1/01/1830,31/12/1976,ROLLEGEM,Rollegem,N
34034,1/01/1830,31/12/1976,SINT-DENIJS,Sint-Denijs,N
34035,1/01/1830,31/12/1976,SINT-ELOOIS-VIJVE,Sint-Eloois-Vijve,N
34036,1/01/1830,31/12/1976,SPIERE,Spiere,N
34037,1/01/1830,31/12/1976,TIEGEM,Tiegem,N
34038,1/01/1830,31/12/1976,VICHTE,Vichte,N
34039,1/01/1830,31/12/1976,WAARMAARDE,Waarmaarde,N
34040,1/01/0001,31/03/2014,WAREGEM,Waregem,N
34040,1/04/2014,,WAREGEM,Waregem,O
34041,1/01/0001,31/03/2014,WEVELGEM,Wevelgem,N
34041,1/04/2014,,WEVELGEM,Wevelgem,O
34042,1/01/0001,31/03/2014,ZWEVEGEM,Zwevegem,N
34042,1/04/2014,,ZWEVEGEM,Zwevegem,O
34043,1/01/0001,31/03/2014,ESPIERRES-HELCHIN,Espierres-Helchin,N
34043,1/04/2014,,ESPIERRES-HELCHIN,Espierres-Helchin,O
35001,1/01/1830,31/12/1976,BEKEGEM,Bekegem,N
35002,1/01/0001,31/03/2014,BREDENE,Bredene,N
35002,1/04/2014,,BREDENE,Bredene,O
35003,1/01/1830,31/12/1976,EERNEGEM,Eernegem,N
35004,1/01/1830,31/12/1976,ETTELGEM,Ettelgem,N
35005,1/01/0001,31/03/2014,GISTEL,Gistel,N
35005,1/04/2014,,GISTEL,Gistel,O
35006,1/01/0001,31/03/2014,ICHTEGEM,Ichtegem,N
35006,1/04/2014,,ICHTEGEM,Ichtegem,O
35007,1/01/1830,31/12/1976,KLEMSKERKE,Klemskerke,N
35008,1/01/1830,31/12/1976,LEFFINGE,Leffinge,N
35009,1/01/1830,31/12/1970,LOMBARDSIJDE,Lombardsijde,N
35010,1/01/1830,31/12/1970,MANNEKENSVERE,Mannekensvere,N
35011,1/01/0001,31/03/2014,MIDDELKERKE,Middelkerke,N
35011,1/04/2014,,MIDDELKERKE,Middelkerke,O
35012,1/01/1830,31/12/1970,MOERE,Moere,N
35013,1/01/0001,31/03/2014,OOSTENDE,Oostende,N
35013,1/04/2014,,OOSTENDE,Oostende,O
35014,1/01/0001,31/03/2014,OUDENBURG,Oudenburg,N
35014,1/04/2014,,OUDENBURG,Oudenburg,O
35015,1/01/1830,31/12/1976,ROKSEM,Roksem,N
35016,1/01/1830,31/12/1970,SCHORE,Schore,N
35017,1/01/1830,31/12/1970,SINT-PIETERS-KAPELLE,Sint-Pieters-Kapelle (WEST-VLAANDEREN),N
35018,1/01/1830,31/12/1970,SLIJPE,Slijpe,N
35019,1/01/1830,31/12/1976,SNAASKERKE,Snaaskerke,N
35020,1/01/1830,31/12/1970,STENE,Stene,N
35021,1/01/1830,31/12/1976,VLISSEGEM,Vlissegem,N
35022,1/01/1830,31/12/1976,WESTENDE,Westende,N
35023,1/01/1830,31/12/1976,WESTKERKE,Westkerke,N
35024,1/01/1830,31/12/1976,WILSKERKE,Wilskerke,N
35025,1/01/1830,31/12/1970,ZANDE,Zande,N
35026,1/01/1830,31/12/1970,ZANDVOORDE,Zandvoorde (OOSTENDE),N
35027,1/01/1830,31/12/1970,ZEVEKOTE,Zevekote,N
35029,1/01/0001,31/03/2014,DE HAAN,De Haan,N
35029,1/04/2014,,DE HAAN,De Haan,O
36002,1/01/1830,31/12/1964,BEVEREN,Beveren (ROESELARE),N
36003,1/01/1830,31/12/1976,DADIZELE,Dadizele,N
36004,1/01/1830,31/12/1964,EMELGEM,Emelgem,N
36005,1/01/1830,31/12/1976,GITS,Gits,N
36006,1/01/0001,31/03/2014,HOOGLEDE,Hooglede,N
36006,1/04/2014,,HOOGLEDE,Hooglede,O
36007,1/01/0001,31/03/2014,INGELMUNSTER,Ingelmunster,N
36007,1/04/2014,,INGELMUNSTER,Ingelmunster,O
36008,1/01/0001,31/03/2014,IZEGEM,Izegem,N
36008,1/04/2014,,IZEGEM,Izegem,O
36009,1/01/1830,31/12/1976,KACHTEM,Kachtem,N
36010,1/01/0001,31/03/2014,LEDEGEM,Ledegem,N
36010,1/04/2014,,LEDEGEM,Ledegem,O
36011,1/01/0001,31/03/2014,LICHTERVELDE,Lichtervelde,N
36011,1/04/2014,,LICHTERVELDE,Lichtervelde,O
36012,1/01/0001,31/03/2014,MOORSLEDE,Moorslede,N
36012,1/04/2014,,MOORSLEDE,Moorslede,O
36013,1/01/1830,31/12/1976,OEKENE,Oekene,N
36014,1/01/1830,31/12/1976,OOSTNIEUWKERKE,Oostnieuwkerke,N
36015,1/01/0001,31/03/2014,ROESELARE,Roeselare,N
36015,1/04/2014,,ROESELARE,Roeselare,O
36016,1/01/1830,31/12/1976,ROLLEGEM-KAPELLE,Rollegem-Kapelle,N
36017,1/01/1830,31/12/1976,RUMBEKE,Rumbeke,N
36018,1/01/1830,31/12/1976,SINT-ELOOIS-WINKEL,Sint-Eloois-Winkel,N
36019,1/01/0001,31/03/2014,STADEN,Staden,N
36019,1/04/2014,,STADEN,Staden,O
36020,1/01/1830,31/12/1976,WESTROZEBEKE,Westrozebeke,N
37001,1/01/1830,31/12/1976,AARSELE,Aarsele,N
37002,1/01/0001,31/03/2014,DENTERGEM,Dentergem,N
37002,1/04/2014,,DENTERGEM,Dentergem,O
37003,1/01/1830,31/12/1976,EGEM,Egem,N
37004,1/01/1830,31/12/1976,KANEGEM,Kanegem,N
37005,1/01/1830,31/12/1976,KOOLSKAMP,Koolskamp,N
37006,1/01/1830,31/12/1976,MARKEGEM,Markegem,N
37007,1/01/0001,31/03/2014,MEULEBEKE,Meulebeke,N
37007,1/04/2014,,MEULEBEKE,Meulebeke,O
37008,1/01/1830,31/12/1976,OESELGEM,Oeselgem,N
37009,1/01/1830,31/12/1976,OOIGEM,Ooigem,N
37010,1/01/0001,31/03/2014,OOSTROZEBEKE,Oostrozebeke,N
37010,1/04/2014,,OOSTROZEBEKE,Oostrozebeke,O
37011,1/01/0001,31/03/2014,PITTEM,Pittem,N
37011,1/04/2014,,PITTEM,Pittem,O
37012,1/01/0001,31/03/2014,RUISELEDE,Ruiselede,N
37012,1/04/2014,,RUISELEDE,Ruiselede,O
37013,1/01/1862,31/12/1976,SCHUIFERSKAPELLE,Schuiferskapelle,N
37014,1/01/1830,31/12/1976,SINT-BAAFS-VIJVE,Sint-Baafs-Vijve,N
37015,1/01/0001,31/03/2014,TIELT,Tielt (WEST-VLAANDEREN),N
37015,1/04/2014,,TIELT,Tielt (WEST-VLAANDEREN),O
37016,1/01/1830,31/12/1976,WAKKEN,Wakken,N
37017,1/01/0001,31/03/2014,WIELSBEKE,Wielsbeke,N
37017,1/04/2014,,WIELSBEKE,Wielsbeke,O
37018,1/01/0001,31/03/2014,WINGENE,Wingene,N
37018,1/04/2014,,WINGENE,Wingene,O
37019,1/01/1830,31/12/1976,ZWEVEZELE,Zwevezele,N
37020,1/01/0001,31/03/2014,ARDOOIE,Ardooie,N
37020,1/04/2014,,ARDOOIE,Ardooie,O
38001,1/01/1830,31/12/1976,ADINKERKE,Adinkerke,N
38002,1/01/0001,31/03/2014,ALVERINGEM,Alveringem,N
38002,1/04/2014,,ALVERINGEM,Alveringem,O
38003,1/01/1830,31/12/1970,AVEKAPELLE,Avekapelle,N
38004,1/01/1830,31/12/1970,BEVEREN,Beveren (VEURNE),N
38005,1/01/1830,31/12/1970,BOOITSHOEKE,Booitshoeke,N
38006,1/01/1830,31/12/1970,BULSKAMP,Bulskamp,N
38007,1/01/1830,31/12/1970,DE MOEREN,De Moeren,N
38008,1/01/0001,31/03/2014,DE PANNE,De Panne,N
38008,1/04/2014,,DE PANNE,De Panne,O
38009,1/01/1830,31/12/1970,EGGEWAARTSKAPELLE,Eggewaartskapelle,N
38010,1/01/1830,31/12/1970,GIJVERINKHOVE,Gijverinkhove,N
38011,1/01/1830,31/12/1970,HOOGSTADE,Hoogstade,N
38012,1/01/1830,31/12/1976,HOUTEM,Houtem,N
38013,1/01/1830,31/12/1970,IZENBERGE,Izenberge,N
38014,1/01/0001,31/03/2014,KOKSIJDE,Koksijde,N
38014,1/04/2014,,KOKSIJDE,Koksijde,O
38015,1/01/1830,31/12/1976,LEISELE,Leisele,N
38016,1/01/0001,31/03/2014,NIEUWPOORT,Nieuwpoort,N
38016,1/04/2014,,NIEUWPOORT,Nieuwpoort,O
38017,1/01/1830,31/12/1970,OEREN,Oeren,N
38018,1/01/1830,31/12/1976,OOSTDUINKERKE,Oostduinkerke,N
38019,1/01/1830,31/12/1976,PERVIJZE,Pervijze,N
38020,1/01/1830,31/12/1970,RAMSKAPELLE,Ramskapelle (VEURNE),N
38021,1/01/1830,31/12/1970,SINT-JORIS,Sint-Joris (VEURNE),N
38022,1/01/1830,31/12/1970,SINT-RIJKERS,Sint-Rijkers,N
38023,1/01/1830,31/12/1976,STAVELE,Stavele,N
38024,1/01/1830,31/12/1970,STEENKERKE,Steenkerke,N
38025,1/01/0001,31/03/2014,VEURNE,Veurne,N
38025,1/04/2014,,VEURNE,Veurne,O
38026,1/01/1830,31/12/1970,VINKEM,Vinkem,N
38027,1/01/1830,31/12/1970,WULPEN,Wulpen,N
38028,1/01/1830,31/12/1970,WULVERINGEM,Wulveringem,N
38029,1/01/1830,31/12/1970,ZOUTENAAIE,Zoutenaaie,N
41001,1/01/1830,31/12/1976,AAIGEM,Aaigem,N
41002,1/01/0001,31/03/2014,AALST,Aalst (OOST-VLAANDEREN),N
41002,1/04/2014,,AALST,Aalst (OOST-VLAANDEREN),O
41003,1/01/1830,31/12/1976,APPELTERRE-EICHEM,Appelterre-Eichem,N
41004,1/01/1830,31/12/1976,ASPELARE,Aspelare,N
41005,1/01/1830,31/12/1976,BAARDEGEM,Baardegem,N
41006,1/01/1830,31/12/1976,BAMBRUGGE,Bambrugge,N
41007,1/01/1830,31/12/1976,BAVEGEM,Bavegem,N
41008,1/01/1830,31/12/1976,BORSBEKE,Borsbeke,N
41009,1/01/1830,31/12/1976,BURST,Burst,N
41010,1/01/1830,31/12/1976,DENDERHOUTEM,Denderhoutem,N
41011,1/01/0001,31/03/2014,DENDERLEEUW,Denderleeuw,N
41011,1/04/2014,,DENDERLEEUW,Denderleeuw,O
41012,1/01/1830,31/12/1976,DENDERWINDEKE,Denderwindeke,N
41013,1/01/1830,31/12/1970,ELENE,Elene,N
41014,1/01/1830,31/12/1976,EREMBODEGEM,Erembodegem,N
41015,1/01/1830,31/12/1976,ERONDEGEM,Erondegem,N
41016,1/01/1830,31/12/1976,ERPE,Erpe,N
41017,1/01/1830,31/12/1970,ERWETEGEM,Erwetegem,N
41018,1/01/0001,31/03/2014,GERAARDSBERGEN,Geraardsbergen,N
41018,1/04/2014,,GERAARDSBERGEN,Geraardsbergen,O
41019,1/01/1830,31/12/1976,GIJZEGEM,Gijzegem,N
41020,1/01/1830,31/12/1970,GODVEERDEGEM,Godveerdegem,N
41021,1/01/1830,31/12/1970,GOEFERDINGE,Goeferdinge,N
41022,1/01/1830,31/12/1976,GRIMMINGE,Grimminge,N
41023,1/01/1830,31/12/1970,GROTENBERGE,Grotenberge,N
41024,1/01/0001,31/03/2014,HAALTERT,Haaltert,N
41024,1/04/2014,,HAALTERT,Haaltert,O
41025,1/01/1830,31/12/1976,HELDERGEM,Heldergem,N
41026,1/01/1830,31/12/1976,HERDERSEM,Herdersem,N
41027,1/01/0001,31/03/2014,HERZELE,Herzele,N
41027,1/04/2014,,HERZELE,Herzele,O
41028,1/01/1830,31/12/1976,HILLEGEM,Hillegem,N
41029,1/01/1830,31/12/1976,HOFSTADE,Hofstade (OOST-VLAANDEREN),N
41030,1/01/1830,31/12/1976,IDDERGEM,Iddergem,N
41031,1/01/1830,31/12/1976,IDEGEM,Idegem,N
41032,1/01/1830,31/12/1976,IMPE,Impe,N
41033,1/01/1830,31/12/1976,KERKSKEN,Kerksken,N
41034,1/01/0001,31/03/2014,LEDE,Lede,N
41034,1/04/2014,,LEDE,Lede,O
41035,1/01/1830,31/12/1970,LEEUWERGEM,Leeuwergem,N
41036,1/01/1830,31/12/1976,LETTERHOUTEM,Letterhoutem,N
41037,1/01/1830,31/12/1976,LIEFERINGE,Lieferinge,N
41038,1/01/1830,31/12/1976,MEERBEKE,Meerbeke,N
41039,1/01/1830,31/12/1976,MELDERT,Meldert (OOST-VLAANDEREN),N
41040,1/01/1830,31/12/1976,MERE,Mere,N
41041,1/01/1830,31/12/1976,MOERBEKE,Moerbeke (AALST),N
41042,1/01/1830,31/12/1976,MOORSEL,Moorsel,N
41043,1/01/1830,31/12/1970,NEDERBOELARE,Nederboelare,N
41044,1/01/1830,31/12/1976,NEDERHASSELT,Nederhasselt,N
41045,1/01/1830,31/12/1976,NEIGEM,Neigem,N
41046,1/01/1830,31/12/1976,NIEUWENHOVE,Nieuwenhove,N
41047,1/01/1830,31/12/1976,NIEUWERKERKEN,Nieuwerkerken (OOST-VLAANDEREN),N
41048,1/01/0001,31/03/2014,NINOVE,Ninove,N
41048,1/04/2014,,NINOVE,Ninove,O
41049,1/01/1830,31/12/1976,OKEGEM,Okegem,N
41050,1/01/1830,31/12/1970,ONKERZELE,Onkerzele,N
41051,1/01/1830,31/12/1976,OOMBERGEN,Oombergen,N
41052,1/01/1830,31/12/1976,OORDEGEM,Oordegem,N
41053,1/01/1830,31/12/1976,OPHASSELT,Ophasselt,N
41054,1/01/1830,31/12/1976,OTTERGEM,Ottergem,N
41055,1/01/1830,31/12/1976,OUTER,Outer,N
41056,1/01/1830,31/12/1970,OVERBOELARE,Overboelare,N
41057,1/01/1830,31/12/1976,POLLARE,Pollare,N
41058,1/01/1830,31/12/1976,RESSEGEM,Ressegem,N
41059,1/01/1830,31/12/1976,SCHENDELBEKE,Schendelbeke,N
41060,1/01/1830,31/12/1976,SINT-ANTELINKS,Sint-Antelinks,N
41061,1/01/1830,31/12/1970,SINT-GORIKS-OUDENHOVE,Sint-Goriks-Oudenhove,N
41062,1/01/1830,31/12/1976,SINT-LIEVENS-ESSE,Sint-Lievens-Esse,N
41063,1/01/0001,31/03/2014,SINT-LIEVENS-HOUTEM,Sint-Lievens-Houtem,N
41063,1/04/2014,,SINT-LIEVENS-HOUTEM,Sint-Lievens-Houtem,O
41064,1/01/1830,31/12/1976,SINT-MARIA-OUDENHOVE,Sint-Maria-Oudenhove,N
41065,1/01/1830,31/12/1976,SMEEREBBE-VLOERZEGEM,Smeerebbe-Vloerzegem,N
41066,1/01/1830,31/12/1976,SMETLEDE,Smetlede,N
41067,1/01/1830,31/12/1976,STEENHUIZE-WIJNHUIZE,Steenhuize-Wijnhuize,N
41068,1/01/1830,31/12/1970,STRIJPEN,Strijpen,N
41069,1/01/1830,31/12/1970,VELZEKE-RUDDERSHOVE,Velzeke-Ruddershove,N
41070,1/01/1830,31/12/1976,VIANE,Viane,N
41071,1/01/1830,31/12/1976,VLEKKEM,Vlekkem,N
41072,1/01/1830,31/12/1976,VLIERZELE,Vlierzele,N
41073,1/01/1830,31/12/1976,VOORDE,Voorde,N
41074,1/01/1830,31/12/1976,WAARBEKE,Waarbeke,N
41075,1/01/1830,31/12/1976,WANZELE,Wanzele,N
41076,1/01/1830,31/12/1976,WELLE,Welle,N
41077,1/01/1830,31/12/1976,WOUBRECHTEGEM,Woubrechtegem,N
41078,1/01/1830,31/12/1976,ZANDBERGEN,Zandbergen,N
41079,1/01/1830,31/12/1976,ZARLARDINGE,Zarlardinge,N
41080,1/01/1830,31/12/1976,ZONNEGEM,Zonnegem,N
41081,1/01/0001,31/03/2014,ZOTTEGEM,Zottegem,N
41081,1/04/2014,,ZOTTEGEM,Zottegem,O
41082,1/01/0001,31/03/2014,ERPE-MERE,Erpe-Mere,N
41082,1/04/2014,,ERPE-MERE,Erpe-Mere,O
42001,1/01/1830,31/12/1971,APPELS,Appels,N
42002,1/01/1830,31/12/1976,BAASRODE,Baasrode,N
42003,1/01/0001,31/03/2014,BERLARE,Berlare,N
42003,1/04/2014,,BERLARE,Berlare,O
42004,1/01/0001,31/03/2014,BUGGENHOUT,Buggenhout,N
42004,1/04/2014,,BUGGENHOUT,Buggenhout,O
42005,1/01/1830,31/12/1976,DENDERBELLE,Denderbelle,N
42006,1/01/0001,31/03/2014,DENDERMONDE,Dendermonde,N
42006,1/04/2014,,DENDERMONDE,Dendermonde,O
42007,1/01/1830,31/12/1976,GREMBERGEN,Grembergen,N
42008,1/01/0001,31/03/2014,HAMME,Hamme (OOST-VLAANDEREN),N
42008,1/04/2014,,HAMME,Hamme (OOST-VLAANDEREN),O
42009,1/01/1830,31/12/1976,KALKEN,Kalken,N
42010,1/01/0001,31/03/2014,LAARNE,Laarne,N
42010,1/04/2014,,LAARNE,Laarne,O
42011,1/01/0001,31/03/2014,LEBBEKE,Lebbeke,N
42011,1/04/2014,,LEBBEKE,Lebbeke,O
42012,1/01/1830,31/12/1976,MASSEMEN,Massemen,N
42013,1/01/1830,31/12/1976,MESPELARE,Mespelare,N
42014,1/01/1830,31/12/1976,MOERZEKE,Moerzeke,N
42015,1/01/1830,31/12/1964,OPDORP,Opdorp,N
42016,1/01/1830,31/12/1976,OUDEGEM,Oudegem,N
42017,1/01/1830,31/12/1976,OVERMERE,Overmere,N
42018,1/01/1830,31/12/1976,SCHELLEBELLE,Schellebelle,N
42019,1/01/1873,31/12/1976,SCHOONAARDE,Schoonaarde,N
42020,1/01/1830,31/12/1976,SERSKAMP,Serskamp,N
42021,1/01/1830,31/12/1971,SINT-GILLIS-BIJ-DENDERMONDE,Sint-Gillis-bij-Dendermonde,N
42022,1/01/1830,31/12/1976,UITBERGEN,Uitbergen,N
42023,1/01/0001,31/03/2014,WAASMUNSTER,Waasmunster,N
42023,1/04/2014,,WAASMUNSTER,Waasmunster,O
42024,1/01/1899,31/12/1976,WESTREM,Westrem,N
42025,1/01/0001,31/03/2014,WETTEREN,Wetteren,N
42025,1/04/2014,,WETTEREN,Wetteren,O
42026,1/01/0001,31/03/2014,WICHELEN,Wichelen,N
42026,1/04/2014,,WICHELEN,Wichelen,O
42027,1/01/1830,31/12/1976,WIEZE,Wieze,N
42028,1/01/0001,31/03/2014,ZELE,Zele,N
42028,1/04/2014,,ZELE,Zele,O
43001,1/01/1830,31/12/1976,ADEGEM,Adegem,N
43002,1/01/0001,31/03/2014,ASSENEDE,Assenede,N
43002,1/04/2014,,ASSENEDE,Assenede,O
43003,1/01/1830,31/12/1976,BASSEVELDE,Bassevelde,N
43004,1/01/1830,31/12/1976,BOEKHOUTE,Boekhoute,N
43005,1/01/0001,31/03/2014,EEKLO,Eeklo,N
43005,1/04/2014,,EEKLO,Eeklo,O
43006,1/01/1830,31/12/1976,ERTVELDE,Ertvelde,N
43007,1/01/0001,31/03/2014,KAPRIJKE,Kaprijke,N
43007,1/04/2014,,KAPRIJKE,Kaprijke,O
43008,1/01/1830,31/12/1964,KLUIZEN,Kluizen,N
43009,1/01/1830,31/12/1976,LEMBEKE,Lembeke,N
43010,1/01/0001,31/03/2014,MALDEGEM,Maldegem,N
43010,1/04/2014,,MALDEGEM,Maldegem,O
43011,1/01/1830,31/12/1976,MIDDELBURG,Middelburg,N
43012,1/01/1830,31/12/1976,OOSTEEKLO,Oosteeklo,N
43013,1/01/1830,31/12/1976,SINT-JAN-IN-EREMO,Sint-Jan-in-Eremo,N
43014,1/01/0001,31/03/2014,SINT-LAUREINS,Sint-Laureins,N
43014,1/04/2014,,SINT-LAUREINS,Sint-Laureins,O
43015,1/01/1830,31/12/1976,SINT-MARGRIETE,Sint-Margriete,N
43016,1/01/1830,31/12/1976,WATERLAND-OUDEMAN,Waterland-Oudeman,N
43017,1/01/1830,31/12/1976,WATERVLIET,Watervliet,N
43018,1/01/0001,31/03/2014,ZELZATE,Zelzate,N
43018,1/04/2014,,ZELZATE,Zelzate,O
44001,1/01/0001,31/03/2014,AALTER,Aalter,N
44001,1/04/2014,31/12/2018,AALTER,Aalter,N
44002,1/01/1830,31/12/1976,AFSNEE,Afsnee,N
44003,1/01/1830,31/12/1976,ASPER,Asper,N
44004,1/01/1830,31/12/1970,ASTENE,Astene,N
44005,1/01/1830,31/12/1976,BAAIGEM,Baaigem,N
44006,1/01/1830,31/12/1976,BACHTE-MARIA-LEERNE,Bachte-Maria-Leerne,N
44007,1/01/1830,31/12/1976,BALEGEM,Balegem,N
44008,1/01/1921,31/12/1976,BEERVELDE,Beervelde,N
44009,1/01/1830,31/12/1976,BELLEM,Bellem,N
44010,1/01/1830,31/12/1976,BOTTELARE,Bottelare,N
44011,1/01/0001,31/03/2014,DEINZE,Deinze,N
44011,1/04/2014,31/12/2018,DEINZE,Deinze,N
44012,1/01/0001,31/03/2014,DE PINTE,De Pinte,N
44012,1/04/2014,,DE PINTE,De Pinte,O
44013,1/01/0001,31/03/2014,DESTELBERGEN,Destelbergen,N
44013,1/04/2014,,DESTELBERGEN,Destelbergen,O
44014,1/01/1830,31/12/1964,DESTELDONK,Desteldonk,N
44015,1/01/1830,31/12/1976,DEURLE,Deurle,N
44016,1/01/1830,31/12/1976,DIKKELVENNE,Dikkelvenne,N
44017,1/01/1830,31/12/1976,DRONGEN,Drongen,N
44018,1/01/1830,31/12/1976,EKE,Eke,N
44019,1/01/0001,31/03/2014,EVERGEM,Evergem,N
44019,1/04/2014,,EVERGEM,Evergem,O
44020,1/01/0001,31/03/2014,GAVERE,Gavere,N
44020,1/04/2014,,GAVERE,Gavere,O
44021,1/01/0001,31/03/2014,GENT,Gent,N
44021,1/04/2014,,GENT,Gent,O
44022,1/01/1830,31/12/1976,GENTBRUGGE,Gentbrugge,N
44023,1/01/1830,31/12/1976,GIJZENZELE,Gijzenzele,N
44024,1/01/1830,31/12/1976,GONTRODE,Gontrode,N
44025,1/01/1830,31/12/1976,GOTTEM,Gottem,N
44026,1/01/1830,31/12/1976,GRAMMENE,Grammene,N
44027,1/01/1830,31/12/1976,HANSBEKE,Hansbeke,N
44028,1/01/1830,31/12/1976,HEUSDEN,Heusden (OOST-VLAANDEREN),N
44029,1/01/0001,31/03/2014,KNESSELARE,Knesselare,N
44029,1/04/2014,31/12/2018,KNESSELARE,Knesselare,N
44030,1/01/1830,31/12/1976,LANDEGEM,Landegem,N
44031,1/01/1830,31/12/1976,LANDSKOUTER,Landskouter,N
44032,1/01/1830,31/12/1976,LEDEBERG,Ledeberg,N
44033,1/01/1830,31/12/1964,LEMBERGE,Lemberge,N
44034,1/01/0001,31/03/2014,LOCHRISTI,Lochristi,N
44034,1/04/2014,,LOCHRISTI,Lochristi,O
44035,1/01/1830,31/12/1976,LOTENHULLE,Lotenhulle,N
44036,1/01/0001,31/03/2014,LOVENDEGEM,Lovendegem,N
44036,1/04/2014,31/12/2018,LOVENDEGEM,Lovendegem,N
44037,1/01/1830,31/12/1976,MACHELEN,Machelen (OOST-VLAANDEREN),N
44038,1/01/1830,31/12/1976,MARIAKERKE,Mariakerke,N
44039,1/01/1830,31/12/1976,MEIGEM,Meigem,N
44040,1/01/0001,31/03/2014,MELLE,Melle,N
44040,1/04/2014,,MELLE,Melle,O
44041,1/01/1830,31/12/1976,MELSEN,Melsen,N
44042,1/01/1830,31/12/1964,MENDONK,Mendonk,N
44043,1/01/0001,31/03/2014,MERELBEKE,Merelbeke,N
44043,1/04/2014,,MERELBEKE,Merelbeke,O
44044,1/01/1830,31/12/1976,MERENDREE,Merendree,N
44045,1/01/0001,31/03/2014,MOERBEKE,Moerbeke (GENT),N
44045,1/04/2014,,MOERBEKE,Moerbeke (GENT),O
44046,1/01/1830,31/12/1976,MOORTSELE,Moortsele,N
44047,1/01/1830,31/12/1976,MUNTE,Munte,N
44048,1/01/0001,31/03/2014,NAZARETH,Nazareth,N
44048,1/04/2014,,NAZARETH,Nazareth,O
44049,1/01/0001,31/03/2014,NEVELE,Nevele,N
44049,1/04/2014,31/12/2018,NEVELE,Nevele,N
44050,1/01/1830,31/12/1976,OLSENE,Olsene,N
44051,1/01/1830,31/12/1976,OOSTAKKER,Oostakker,N
44052,1/01/0001,31/03/2014,OOSTERZELE,Oosterzele,N
44052,1/04/2014,,OOSTERZELE,Oosterzele,O
44053,1/01/1830,31/12/1976,OOSTWINKEL,Oostwinkel,N
44054,1/01/1830,31/12/1970,PETEGEM-AAN-DE-LEIE,Petegem-aan-de-Leie,N
44055,1/01/1830,31/12/1976,POEKE,Poeke,N
44056,1/01/1830,31/12/1976,POESELE,Poesele,N
44057,1/01/1830,31/12/1976,RONSELE,Ronsele,N
44058,1/01/1830,31/12/1976,SCHELDERODE,Schelderode,N
44059,1/01/1830,31/12/1976,SCHELDEWINDEKE,Scheldewindeke,N
44060,1/01/1830,31/12/1976,SEMMERZAKE,Semmerzake,N
44061,1/01/1872,31/12/1976,SINT-AMANDSBERG,Sint-Amandsberg,N
44062,1/01/1830,31/12/1976,SINT-DENIJS-WESTREM,Sint-Denijs-Westrem,N
44063,1/01/1830,31/12/1964,SINT-KRUIS-WINKEL,Sint-Kruis-Winkel,N
44064,1/01/0001,31/03/2014,SINT-MARTENS-LATEM,Sint-Martens-Latem,N
44064,1/04/2014,,SINT-MARTENS-LATEM,Sint-Martens-Latem,O
44065,1/01/1830,31/12/1976,SINT-MARTENS-LEERNE,Sint-Martens-Leerne,N
44066,1/01/1830,31/12/1976,SLEIDINGE,Sleidinge,N
44067,1/01/1830,31/12/1976,URSEL,Ursel,N
44068,1/01/1830,31/12/1976,VINDERHOUTE,Vinderhoute,N
44069,1/01/1830,31/12/1976,VINKT,Vinkt,N
44070,1/01/1830,31/12/1976,VOSSELARE,Vosselare,N
44071,1/01/1830,31/12/1976,VURSTE,Vurste,N
44072,1/01/0001,31/03/2014,WAARSCHOOT,Waarschoot,N
44072,1/04/2014,31/12/2018,WAARSCHOOT,Waarschoot,N
44073,1/01/0001,31/03/2014,WACHTEBEKE,Wachtebeke,N
44073,1/04/2014,,WACHTEBEKE,Wachtebeke,O
44074,1/01/1830,31/12/1976,WONDELGEM,Wondelgem,N
44075,1/01/1830,31/12/1976,WONTERGEM,Wontergem,N
44076,1/01/1830,31/12/1976,ZAFFELARE,Zaffelare,N
44077,1/01/1830,31/12/1976,ZEVENEKEN,Zeveneken,N
44078,1/01/1830,31/12/1970,ZEVEREN,Zeveren,N
44079,1/01/1830,31/12/1976,ZEVERGEM,Zevergem,N
44080,1/01/0001,31/03/2014,ZOMERGEM,Zomergem,N
44080,1/04/2014,31/12/2018,ZOMERGEM,Zomergem,N
44081,1/01/0001,31/03/2014,ZULTE,Zulte,N
44081,1/04/2014,,ZULTE,Zulte,O
44082,1/01/1830,31/12/1976,ZWIJNAARDE,Zwijnaarde,N
44083,1/01/2019,,DEINZE,Deinze,O
44084,1/01/2019,,AALTER,Aalter,O
44085,1/01/2019,,LIEVEGEM,Lievegem,O
45001,1/01/1830,31/12/1970,BEERLEGEM,Beerlegem,N
45002,1/01/1830,31/12/1970,BERCHEM,Berchem (OOST-VLAANDEREN),N
45003,1/01/1830,31/12/1964,BEVERE,Bevere,N
45004,1/01/1830,31/12/1976,DEFTINGE,Deftinge,N
45005,1/01/1830,31/12/1970,DIKKELE,Dikkele,N
45006,1/01/1830,31/12/1964,EDELARE,Edelare,N
45007,1/01/1830,31/12/1964,EINE,Eine,N
45008,1/01/1830,31/12/1970,ELSEGEM,Elsegem,N
45009,1/01/1830,31/12/1970,ELST,Elst,N
45010,1/01/1830,31/12/1964,ENAME,Ename,N
45011,1/01/1830,31/12/1976,ETIKHOVE,Etikhove,N
45012,1/01/1830,31/12/1976,EVERBEEK,Everbeek,N
45013,1/01/1830,31/12/1976,HEMELVEERDEGEM,Hemelveerdegem,N
45014,1/01/1830,31/12/1970,HEURNE,Heurne,N
45015,1/01/1830,31/12/1976,HUISE,Huise,N
45016,1/01/1830,31/12/1970,HUNDELGEM,Hundelgem,N
45017,1/01/0001,31/03/2014,KRUISHOUTEM,Kruishoutem,N
45017,1/04/2014,31/12/2018,KRUISHOUTEM,Kruishoutem,N
45018,1/01/1830,31/12/1970,KWAREMONT,Kwaremont,N
45019,1/01/1830,31/12/1964,LEUPEGEM,Leupegem,N
45020,1/01/1830,31/12/1976,MAARKE-KERKEM,Maarke-Kerkem,N
45021,1/01/1830,31/12/1970,MATER,Mater,N
45022,1/01/1830,31/12/1970,MEILEGEM,Meilegem,N
45023,1/01/1830,31/12/1970,MELDEN,Melden,N
45024,1/01/1830,31/12/1970,MICHELBEKE,Michelbeke,N
45025,1/01/1830,31/12/1970,MOREGEM,Moregem,N
45026,1/01/1830,31/12/1976,MULLEM,Mullem,N
45027,1/01/1830,31/12/1976,MUNKZWALM,Munkzwalm,N
45028,1/01/1830,31/12/1970,NEDERBRAKEL,Nederbrakel,N
45029,1/01/1830,31/12/1964,NEDERENAME,Nederename,N
45030,1/01/1849,31/12/1976,NEDERZWALM-HERMELGEM,Nederzwalm-Hermelgem,N
45031,1/01/1830,31/12/1976,NOKERE,Nokere,N
45032,1/01/1830,31/12/1976,NUKERKE,Nukerke,N
45033,1/01/1830,31/12/1976,OOIKE,Ooike,N
45034,1/01/1830,31/12/1970,OPBRAKEL,Opbrakel,N
45035,1/01/0001,31/03/2014,OUDENAARDE,Oudenaarde,N
45035,1/04/2014,,OUDENAARDE,Oudenaarde,O
45036,1/01/1830,31/12/1976,OUWEGEM,Ouwegem,N
45037,1/01/1830,31/12/1976,PARIKE,Parike,N
45038,1/01/1830,31/12/1970,PAULATEM,Paulatem,N
45039,1/01/1830,31/12/1970,PETEGEM-AAN-DE-SCHELDE,Petegem-aan-de-Schelde,N
45040,1/01/1830,31/12/1970,ROBORST,Roborst,N
45041,1/01/0001,31/03/2014,RENAIX,Renaix,N
45041,1/04/2014,,RENAIX,Renaix,O
45042,1/01/1830,31/12/1970,ROZEBEKE,Rozebeke,N
45043,1/01/1830,31/12/1970,RUIEN,Ruien,N
45044,1/01/1830,31/12/1976,SCHORISSE,Schorisse,N
45045,1/01/1830,31/12/1970,SINT-BLASIUS-BOEKEL,Sint-Blasius-Boekel,N
45046,1/01/1830,31/12/1970,SINT-DENIJS-BOEKEL,Sint-Denijs-Boekel,N
45047,1/01/1830,31/12/1976,SINT-KORNELIS-HOREBEKE,Sint-Kornelis-Horebeke,N
45048,1/01/1830,31/12/1976,SINT-MARIA-HOREBEKE,Sint-Maria-Horebeke,N
45049,1/01/1830,31/12/1970,SINT-MARIA-LATEM,Sint-Maria-Latem,N
45050,1/01/1830,31/12/1976,SINT-MARIA-LIERDE,Sint-Maria-Lierde,N
45051,1/01/1830,31/12/1976,SINT-MARTENS-LIERDE,Sint-Martens-Lierde,N
45052,1/01/1830,31/12/1964,VOLKEGEM,Volkegem,N
45053,1/01/1830,31/12/1976,WANNEGEM-LEDE,Wannegem-Lede,N
45054,1/01/1830,31/12/1970,WELDEN,Welden,N
45055,1/01/1830,31/12/1970,WORTEGEM,Wortegem,N
45056,1/01/1830,31/12/1970,ZEGELSEM,Zegelsem,N
45057,1/01/0001,31/03/2014,ZINGEM,Zingem,N
45057,1/04/2014,31/12/2018,ZINGEM,Zingem,N
45058,1/01/1830,31/12/1970,ZULZEKE,Zulzeke,N
45059,1/01/0001,31/03/2014,BRAKEL,Brakel,N
45059,1/04/2014,,BRAKEL,Brakel,O
45060,1/01/0001,31/03/2014,KLUISBERGEN,Kluisbergen,N
45060,1/04/2014,,KLUISBERGEN,Kluisbergen,O
45061,1/01/0001,31/03/2014,WORTEGEM-PETEGEM,Wortegem-Petegem,N
45061,1/04/2014,,WORTEGEM-PETEGEM,Wortegem-Petegem,O
45062,1/01/0001,31/03/2014,HOREBEKE,Horebeke,N
45062,1/04/2014,,HOREBEKE,Horebeke,O
45063,1/01/0001,31/03/2014,LIERDE,Lierde,N
45063,1/04/2014,,LIERDE,Lierde,O
45064,1/01/0001,31/03/2014,MAARKEDAL,Maarkedal,N
45064,1/04/2014,,MAARKEDAL,Maarkedal,O
45065,1/01/0001,31/03/2014,ZWALM,Zwalm,N
45065,1/04/2014,,ZWALM,Zwalm,O
45068,1/01/2019,,KRUISEM,Kruisem,O
46001,1/01/1830,31/12/1976,BAZEL,Bazel,N
46002,1/01/1830,31/12/1976,BELSELE,Belsele,N
46003,1/01/0001,31/03/2014,BEVEREN,Beveren (SINT-NIKLAAS),N
46003,1/04/2014,,BEVEREN,Beveren (SINT-NIKLAAS),O
46004,1/01/1830,31/12/1976,DAKNAM,Daknam,N
46005,1/01/1830,31/12/1976,DE KLINGE,De Klinge,N
46006,1/01/1830,31/12/1976,DOEL,Doel,N
46007,1/01/1830,31/12/1976,EKSAARDE,Eksaarde,N
46008,1/01/1830,31/12/1976,ELVERSELE,Elversele,N
46009,1/01/1830,31/12/1976,HAASDONK,Haasdonk,N
46010,1/01/1830,31/12/1976,KALLO,Kallo,N
46011,1/01/1830,31/12/1976,KEMZEKE,Kemzeke,N
46012,1/01/1830,31/12/1976,KIELDRECHT,Kieldrecht,N
46013,1/01/0001,31/03/2014,KRUIBEKE,Kruibeke,N
46013,1/04/2014,,KRUIBEKE,Kruibeke,O
46014,1/01/0001,31/03/2014,LOKEREN,Lokeren,N
46014,1/04/2014,,LOKEREN,Lokeren,O
46015,1/01/1845,31/12/1976,MEERDONK,Meerdonk,N
46016,1/01/1830,31/12/1976,MELSELE,Melsele,N
46017,1/01/1830,31/12/1976,NIEUWKERKEN-WAAS,Nieuwkerken-Waas,N
46018,1/01/1830,31/12/1976,RUPELMONDE,Rupelmonde,N
46019,1/01/1830,31/12/1976,SINAAI,Sinaai,N
46020,1/01/0001,31/03/2014,SINT-GILLIS-WAAS,Sint-Gillis-Waas,N
46020,1/04/2014,,SINT-GILLIS-WAAS,Sint-Gillis-Waas,O
46021,1/01/0001,31/03/2014,SINT-NIKLAAS,Sint-Niklaas,N
46021,1/04/2014,,SINT-NIKLAAS,Sint-Niklaas,O
46022,1/01/1830,31/12/1976,SINT-PAUWELS,Sint-Pauwels,N
46023,1/01/1881,31/12/1976,STEENDORP,Steendorp,N
46024,1/01/0001,31/03/2014,STEKENE,Stekene,N
46024,1/04/2014,,STEKENE,Stekene,O
46025,1/01/0001,31/03/2014,TEMSE,Temse,N
46025,1/04/2014,,TEMSE,Temse,O
46026,1/01/1830,31/12/1976,TIELRODE,Tielrode,N
46027,1/01/1830,31/12/1976,VERREBROEK,Verrebroek,N
46028,1/01/1830,31/12/1976,VRASENE,Vrasene,N
51001,1/01/1830,31/12/1976,ANVAING,Anvaing,N
51002,1/01/1830,31/12/1976,ARBRE,Arbre (HAINAUT),N
51003,1/01/1830,31/12/1970,ARC-AINIERES,Arc-Ainières,N
51004,1/01/0001,31/03/2014,ATH,Ath,N
51004,1/04/2014,,ATH,Ath,O
51005,1/01/1830,31/12/1976,ATTRE,Attre,N
51006,1/01/1830,31/12/1976,AUBECHIES,Aubechies,N
51007,1/01/1830,31/12/1976,BASECLES,Basècles,N
51008,1/01/0001,31/03/2014,BELOEIL,Beloeil,N
51008,1/04/2014,,BELOEIL,Beloeil,O
51009,1/01/0001,31/03/2014,BERNISSART,Bernissart,N
51009,1/04/2014,,BERNISSART,Bernissart,O
51010,1/01/1830,31/12/1976,BLICQUY,Blicquy,N
51011,1/01/1830,31/12/1976,BOUVIGNIES,Bouvignies,N
51012,1/01/0001,31/03/2014,BRUGELETTE,Brugelette,N
51012,1/04/2014,,BRUGELETTE,Brugelette,O
51013,1/01/1830,31/12/1976,BUISSENAL,Buissenal,N
51014,1/01/0001,31/03/2014,CHIEVRES,Chièvres,N
51014,1/04/2014,,CHIEVRES,Chièvres,O
51015,1/01/1830,31/12/1976,CORDES,Cordes,N
51016,1/01/1830,31/12/1976,DERGNEAU,Dergneau,N
51017,1/01/0001,31/03/2014,ELLEZELLES,Ellezelles,N
51017,1/04/2014,,ELLEZELLES,Ellezelles,O
51018,1/01/1830,31/12/1976,ELLIGNIES-SAINTE-ANNE,Ellignies-Sainte-Anne,N
51019,1/01/0001,31/03/2014,FLOBECQ,Flobecq,N
51019,1/04/2014,,FLOBECQ,Flobecq,O
51020,1/01/1830,31/12/1976,FOREST,Forest (HAINAUT),N
51021,1/01/1830,31/12/1976,FOULENG,Fouleng,N
51022,1/01/1830,31/12/1976,FRASNES-LEZ-BUISSENAL,Frasnes-lez-Buissenal,N
51023,1/01/1830,31/12/1976,GAGES,Gages,N
51024,1/01/1830,31/12/1976,GHISLENGHIEN,Ghislenghien,N
51025,1/01/1830,31/12/1976,GIBECQ,Gibecq,N
51026,1/01/1830,31/12/1976,GONDREGNIES,Gondregnies,N
51027,1/01/1830,31/12/1964,GRANDGLISE,Grandglise,N
51028,1/01/1830,31/12/1976,GROSAGE,Grosage,N
51029,1/01/1830,31/12/1976,HACQUEGNIES,Hacquegnies,N
51030,1/01/1830,31/12/1964,HARCHIES,Harchies,N
51031,1/01/1830,31/12/1976,HELLEBECQ,Hellebecq,N
51032,1/01/1830,31/12/1976,HERQUEGIES,Herquegies,N
51033,1/01/1830,31/12/1976,HOUTAING,Houtaing,N
51034,1/01/1830,31/12/1976,HUISSIGNIES,Huissignies,N
51035,1/01/1830,31/12/1976,IRCHONWELZ,Irchonwelz,N
51036,1/01/1830,31/12/1976,ISIERES,Isières,N
51037,1/01/1830,31/12/1976,LADEUZE,Ladeuze,N
51038,1/01/1830,31/12/1976,LAHAMAIDE,Lahamaide,N
51039,1/01/1830,31/12/1976,LANQUESAINT,Lanquesaint,N
51040,1/01/1830,31/12/1976,MAFFLE,Maffle,N
51041,1/01/1830,31/12/1976,MAINVAULT,Mainvault,N
51042,1/01/1830,31/12/1976,MESLIN-L'EVEQUE,Meslin-l'Evêque,N
51043,1/01/1830,31/12/1976,MEVERGNIES-LEZ-LENS,Mévergnies-lez-Lens,N
51044,1/01/1830,31/12/1976,MOULBAIX,Moulbaix,N
51045,1/01/1830,31/12/1976,MOUSTIER,Moustier (HAINAUT),N
51046,1/01/1830,31/12/1976,OEUDEGHIEN,Oeudeghien,N
51047,1/01/1830,31/12/1976,ORMEIGNIES,Ormeignies,N
51048,1/01/1830,31/12/1976,OSTICHES,Ostiches,N
51049,1/01/1830,31/12/1976,POMMEROEUL,Pommeroeul,N
51050,1/01/1830,31/12/1976,QUEVAUCAMPS,Quevaucamps,N
51051,1/01/1830,31/12/1976,RAMEGNIES,Ramegnies,N
51052,1/01/1830,31/12/1976,REBAIX,Rebaix,N
51053,1/01/1830,31/12/1976,SAINT-SAUVEUR,Saint-Sauveur,N
51054,1/01/1830,31/12/1976,STAMBRUGES,Stambruges,N
51055,1/01/1830,31/12/1976,THUMAIDE,Thumaide,N
51056,1/01/1830,31/12/1976,TONGRE-NOTRE-DAME,Tongre-Notre-Dame,N
51057,1/01/1830,31/12/1970,TONGRE-SAINT-MARTIN,Tongre-Saint-Martin,N
51058,1/01/1830,31/12/1976,TOURPES,Tourpes,N
51059,1/01/1830,31/12/1964,VILLE-POMMEROEUL,Ville-Pommeroeul,N
51060,1/01/1830,31/12/1976,VILLERS-NOTRE-DAME,Villers-Notre-Dame,N
51061,1/01/1830,31/12/1976,VILLERS-SAINT-AMAND,Villers-Saint-Amand,N
51062,1/01/1830,31/12/1976,WADELINCOURT,Wadelincourt,N
51063,1/01/1830,31/12/1976,WODECQ,Wodecq,N
51065,1/01/0001,31/03/2014,FRASNES-LEZ-ANVAING,Frasnes-lez-Anvaing,N
51065,1/04/2014,,FRASNES-LEZ-ANVAING,Frasnes-lez-Anvaing,O
51066,1/01/1830,31/12/1931,ELLIGNIES-LEZ-FRASNES,Ellignies-lez-Frasnes,N
51067,1/01/2019,,ENGHIEN,Enghien,O
51068,1/01/2019,,SILLY,Silly,O
51069,1/01/2019,,LESSINES,Lessines,O
52001,1/01/1830,31/12/1976,ACOZ,Acoz,N
52002,1/01/1830,31/12/1976,AISEAU,Aiseau,N
52003,1/01/1830,31/12/1976,ARQUENNES,Arquennes,N
52004,1/01/1830,31/12/1970,BELLECOURT,Bellecourt,N
52005,1/01/1830,31/12/1976,BOIGNEE,Boignée,N
52006,1/01/1830,31/12/1976,BOIS-D'HAINE,Bois-d'Haine,N
52007,1/01/1830,31/12/1976,BOUFFIOULX,Bouffioulx,N
52008,1/01/1830,31/12/1976,BRYE,Brye,N
52009,1/01/1830,31/12/1976,BUZET,Buzet,N
52010,1/01/0001,31/03/2014,CHAPELLE-LEZ-HERLAIMONT,Chapelle-lez-Herlaimont,N
52010,1/04/2014,,CHAPELLE-LEZ-HERLAIMONT,Chapelle-lez-Herlaimont,O
52011,1/01/0001,31/03/2014,CHARLEROI,Charleroi,N
52011,1/04/2014,,CHARLEROI,Charleroi,O
52012,1/01/0001,31/03/2014,CHATELET,Châtelet,N
52012,1/04/2014,,CHATELET,Châtelet,O
52013,1/01/1830,31/12/1976,CHATELINEAU,Châtelineau,N
52014,1/01/1830,31/12/1976,COUILLET,Couillet,N
52015,1/01/0001,31/03/2014,COURCELLES,Courcelles,N
52015,1/04/2014,,COURCELLES,Courcelles,O
52016,1/01/1830,31/12/1976,DAMPREMY,Dampremy,N
52017,1/01/1830,31/12/1976,FAMILLEUREUX,Familleureux,N
52018,1/01/0001,31/03/2014,FARCIENNES,Farciennes,N
52018,1/04/2014,,FARCIENNES,Farciennes,O
52019,1/01/1830,31/12/1976,FAYT-LEZ-MANAGE,Fayt-lez-Manage,N
52020,1/01/1830,31/12/1976,FELUY,Feluy,N
52021,1/01/0001,31/03/2014,FLEURUS,Fleurus,N
52021,1/04/2014,,FLEURUS,Fleurus,O
52022,1/01/0001,31/03/2014,FONTAINE-L'EVEQUE,Fontaine-l'Evêque,N
52022,1/04/2014,,FONTAINE-L'EVEQUE,Fontaine-l'Evêque,O
52023,1/01/1830,31/12/1976,FORCHIES-LA-MARCHE,Forchies-la-Marche,N
52024,1/01/1830,31/12/1976,FRASNES-LEZ-GOSSELIES,Frasnes-lez-Gosselies,N
52025,1/01/0001,31/03/2014,GERPINNES,Gerpinnes,N
52025,1/04/2014,,GERPINNES,Gerpinnes,O
52026,1/01/1830,31/12/1976,GILLY,Gilly,N
52027,1/01/1866,31/12/1976,GODARVILLE,Godarville,N
52028,1/01/1830,31/12/1976,GOSSELIES,Gosselies,N
52029,1/01/1830,31/12/1976,GOUGNIES,Gougnies,N
52030,1/01/1896,31/12/1976,GOUTROUX,Goutroux,N
52031,1/01/1830,31/12/1976,GOUY-LEZ-PIETON,Gouy-lez-Piéton,N
52032,1/01/1830,31/12/1976,HEPPIGNIES,Heppignies,N
52033,1/01/1830,31/12/1976,JONCRET,Joncret,N
52034,1/01/1830,31/12/1976,JUMET,Jumet,N
52035,1/01/1830,31/12/1976,LA HESTRE,La Hestre,N
52036,1/01/1830,31/12/1976,LAMBUSART,Lambusart,N
52037,1/01/1830,31/12/1976,LANDELIES,Landelies,N
52038,1/01/1830,31/12/1976,LEERNES,Leernes,N
52039,1/01/1830,31/12/1964,LIBERCHIES,Liberchies,N
52040,1/01/1830,31/12/1976,LODELINSART,Lodelinsart,N
52041,1/01/1830,31/12/1976,LOVERVAL,Loverval,N
52042,1/01/1841,31/12/1976,LUTTRE,Luttre,N
52043,1/01/0001,31/03/2014,MANAGE,Manage,N
52043,1/04/2014,31/12/2018,MANAGE,Manage,N
52044,1/01/1830,31/12/1976,MARCHIENNE-AU-PONT,Marchienne-au-Pont,N
52045,1/01/1830,31/12/1976,MARCINELLE,Marcinelle,N
52046,1/01/1830,31/12/1976,MELLET,Mellet,N
52047,1/01/1830,31/12/1976,MONCEAU-SUR-SAMBRE,Monceau-sur-Sambre,N
52048,1/01/0001,31/03/2014,MONTIGNY-LE-TILLEUL,Montigny-le-Tilleul,N
52048,1/04/2014,,MONTIGNY-LE-TILLEUL,Montigny-le-Tilleul,O
52049,1/01/1830,31/12/1976,MONTIGNIES-SUR-SAMBRE,Montignies-sur-Sambre,N
52050,1/01/1830,31/12/1976,MONT-SUR-MARCHIENNE,Mont-sur-Marchienne,N
52051,1/01/1830,31/12/1976,OBAIX,Obaix,N
52052,1/01/1830,31/12/1976,PETIT-ROEULX-LEZ-NIVELLES,Petit-Roeulx-lez-Nivelles,N
52053,1/01/1830,31/12/1976,PIETON,Piéton,N
52054,1/01/1867,31/12/1976,PIRONCHAMPS,Pironchamps,N
52055,1/01/0001,31/03/2014,PONT-A-CELLES,Pont-à-Celles,N
52055,1/04/2014,,PONT-A-CELLES,Pont-à-Celles,O
52056,1/01/1830,31/12/1976,PONT-DE-LOUP,Pont-de-Loup,N
52057,1/01/1830,31/12/1976,PRESLES,Presles,N
52058,1/01/1830,31/12/1976,RANSART,Ransart,N
52059,1/01/1830,31/12/1976,REVES,Rèves,N
52060,1/01/1878,31/12/1976,ROSELIES,Roselies,N
52061,1/01/1830,31/12/1976,ROUX,Roux,N
52062,1/01/1830,31/12/1976,SAINT-AMAND,Saint-Amand,N
52063,1/01/0001,31/03/2014,SENEFFE,Seneffe,N
52063,1/04/2014,31/12/2018,SENEFFE,Seneffe,N
52064,1/01/1830,31/12/1976,SOUVRET,Souvret,N
52065,1/01/1830,31/12/1976,THIMEON,Thiméon,N
52066,1/01/1830,31/12/1976,TRAZEGNIES,Trazegnies,N
52067,1/01/1830,31/12/1976,VIESVILLE,Viesville,N
52068,1/01/1830,31/12/1976,VILLERS-PERWIN,Villers-Perwin,N
52069,1/01/1830,31/12/1976,VILLERS-POTERIE,Villers-Poterie,N
52070,1/01/1830,31/12/1976,WAGNELEE,Wagnelée,N
52071,1/01/1830,31/12/1976,WANFERCEE-BAULET,Wanfercée-Baulet,N
52072,1/01/1830,31/12/1976,WANGENIES,Wangenies,N
52073,1/01/1830,31/12/1976,WAYAUX,Wayaux,N
52074,1/01/0001,31/03/2014,AISEAU-PRESLES,Aiseau-Presles,N
52074,1/04/2014,,AISEAU-PRESLES,Aiseau-Presles,O
52075,1/01/0001,31/03/2014,LES BONS VILLERS,Les Bons Villers,N
52075,1/04/2014,,LES BONS VILLERS,Les Bons Villers,O
52501,1/01/0001,31/03/2014,CHARLEROI D1 (CHARLEROI-DAMPREMY),Charleroi D1 (Charleroi-Dampremy),N
52501,1/04/2014,,CHARLEROI D1 (CHARLEROI-DAMPREMY),Charleroi D1 (Charleroi-Dampremy),O
52502,1/01/0001,31/03/2014,CHARLEROI D2 (GILLY-LODELINSART),Charleroi D2 (Gilly-Lodelinsart),N
52502,1/04/2014,,CHARLEROI D2 (GILLY-LODELINSART),Charleroi D2 (Gilly-Lodelinsart),O
52503,1/01/0001,31/03/2014,CHARLEROI D3 (GOSSELIES-RANSART),Charleroi D3 (Gosselies-Ransart),N
52503,1/04/2014,,CHARLEROI D3 (GOSSELIES-RANSART),Charleroi D3 (Gosselies-Ransart),O
52504,1/01/0001,31/03/2014,CHARLEROI D4 (MONTIGNIES-SUR-SAMBRE-COUILLET),Charleroi D4 (Montignies-sur-Sambre-Couillet),N
52504,1/04/2014,,CHARLEROI D4 (MONTIGNIES-SUR-SAMBRE-COUILLET),Charleroi D4 (Montignies-sur-Sambre-Couillet),O
52505,1/01/0001,31/03/2014,CHARLEROI D5 (JUMET-ROUX),Charleroi D5 (Jumet-Roux),N
52505,1/04/2014,,CHARLEROI D5 (JUMET-ROUX),Charleroi D5 (Jumet-Roux),O
52506,1/01/0001,31/03/2014,CHARLEROI D6 (MARCINELLE-MONT-SUR-MARCHIENNE),Charleroi D6 (Marcinelle-Mont-sur-Marchienne),N
52506,1/04/2014,,CHARLEROI D6 (MARCINELLE-MONT-SUR-MARCHIENNE),Charleroi D6 (Marcinelle-Mont-sur-Marchienne),O
52507,1/01/0001,31/03/2014,CHARLEROI D7 (MARCHIENNE-AU-PONT),Charleroi D7 (Marchienne-au-Pont),N
52507,1/04/2014,,CHARLEROI D7 (MARCHIENNE-AU-PONT),Charleroi D7 (Marchienne-au-Pont),O
53001,1/01/1830,31/12/1976,ANGRE,Angre,N
53002,1/01/1830,31/12/1976,ANGREAU,Angreau,N
53003,1/01/1830,31/12/1976,ASQUILLIES,Asquillies,N
53004,1/01/1830,31/12/1976,ATHIS,Athis,N
53005,1/01/1830,31/12/1976,AUDREGNIES,Audregnies,N
53006,1/01/1830,31/12/1976,AULNOIS,Aulnois,N
53007,1/01/1830,31/12/1976,AUTREPPE,Autreppe,N
53008,1/01/1830,31/12/1976,BAISIEUX,Baisieux,N
53009,1/01/1830,31/12/1976,BAUDOUR,Baudour,N
53010,1/01/1830,31/12/1976,BAUFFE,Bauffe,N
53011,1/01/1830,31/12/1976,BLAREGNIES,Blaregnies,N
53012,1/01/1830,31/12/1976,BLAUGIES,Blaugies,N
53013,1/01/1830,31/12/1976,BOUGNIES,Bougnies,N
53014,1/01/0001,31/03/2014,BOUSSU,Boussu,N
53014,1/04/2014,,BOUSSU,Boussu,O
53015,1/01/1830,31/12/1976,CAMBRON-CASTEAU,Cambron-Casteau,N
53016,1/01/1830,31/12/1976,CAMBRON-SAINT-VINCENT,Cambron-Saint-Vincent,N
53017,1/01/1830,31/12/1976,CHAUSSEE-NOTRE-DAME-LOUVIGNIES,Chaussée-Notre-Dame-Louvignies,N
53018,1/01/1830,31/12/1976,CIPLY,Ciply,N
53019,1/01/1830,31/12/1970,CUESMES,Cuesmes,N
53020,1/01/0001,31/03/2014,DOUR,Dour,N
53020,1/04/2014,,DOUR,Dour,O
53021,1/01/1830,31/12/1976,ELOUGES,Elouges,N
53022,1/01/1830,31/12/1976,ERBAUT,Erbaut,N
53023,1/01/1830,31/12/1976,ERBISOEUL,Erbisoeul,N
53024,1/01/1830,31/12/1976,ERQUENNES,Erquennes,N
53025,1/01/1830,31/12/1976,EUGIES,Eugies,N
53026,1/01/1830,31/12/1976,FAYT-LE-FRANC,Fayt-le-Franc,N
53027,1/01/1870,31/12/1970,FLENU,Flénu,N
53028,1/01/0001,31/03/2014,FRAMERIES,Frameries,N
53028,1/04/2014,,FRAMERIES,Frameries,O
53029,1/01/1830,31/12/1976,GENLY,Genly,N
53030,1/01/1830,31/12/1971,GHLIN,Ghlin,N
53031,1/01/1830,31/12/1976,GIVRY,Givry,N
53032,1/01/1830,31/12/1976,GOEGNIES-CHAUSSEE,Goegnies-Chaussée,N
53033,1/01/1830,31/12/1976,HAININ,Hainin,N
53034,1/01/1830,31/12/1976,HARMIGNIES,Harmignies,N
53035,1/01/1830,31/12/1976,HARVENG,Harveng,N
53036,1/01/1830,31/12/1976,HAUTRAGE,Hautrage,N
53037,1/01/1830,31/12/1976,HAVAY,Havay,N
53038,1/01/1830,31/12/1976,HAVRE,Havré,N
53039,1/01/0001,31/03/2014,HENSIES,Hensies,N
53039,1/04/2014,,HENSIES,Hensies,O
53040,1/01/1830,31/12/1976,HERCHIES,Herchies,N
53041,1/01/1830,31/12/1976,HORNU,Hornu,N
53042,1/01/1830,31/12/1971,HYON,Hyon,N
53043,1/01/1830,31/12/1976,JEMAPPES,Jemappes,N
53044,1/01/0001,31/03/2014,JURBISE,Jurbise,N
53044,1/04/2014,,JURBISE,Jurbise,O
53045,1/01/1845,31/12/1976,LA BOUVERIE,La Bouverie,N
53046,1/01/0001,31/03/2014,LENS,Lens,N
53046,1/04/2014,,LENS,Lens,O
53047,1/01/1830,31/12/1976,LOMBISE,Lombise,N
53048,1/01/1868,31/12/1976,MAISIERES,Maisières,N
53049,1/01/1830,31/12/1976,MARCHIPONT,Marchipont,N
53050,1/01/1830,31/12/1976,MASNUY-SAINT-JEAN,Masnuy-Saint-Jean,N
53051,1/01/1830,31/12/1976,MASNUY-SAINT-PIERRE,Masnuy-Saint-Pierre,N
53052,1/01/1830,31/12/1976,MESVIN,Mesvin,N
53053,1/01/0001,31/03/2014,MONS,Mons,N
53053,1/04/2014,,MONS,Mons,O
53054,1/01/1830,31/12/1976,MONTIGNIES-LEZ-LENS,Montignies-lez-Lens,N
53055,1/01/1830,31/12/1976,MONTIGNIES-SUR-ROC,Montignies-sur-Roc,N
53056,1/01/1830,31/12/1976,MONTROEUL-SUR-HAINE,Montroeul-sur-Haine,N
53057,1/01/1830,31/12/1976,NEUFMAISON,Neufmaison,N
53058,1/01/1830,31/12/1976,NEUFVILLES,Neufvilles,N
53059,1/01/1868,31/12/1971,NIMY,Nimy,N
53060,1/01/1830,31/12/1976,NOIRCHAIN,Noirchain,N
53061,1/01/1830,31/12/1976,NOUVELLES,Nouvelles,N
53062,1/01/1830,31/12/1971,OBOURG,Obourg,N
53063,1/01/1830,31/12/1976,ONNEZIES,Onnezies,N
53064,1/01/1830,31/12/1976,PATURAGES,Pâturages,N
53065,1/01/0001,31/03/2014,QUAREGNON,Quaregnon,N
53065,1/04/2014,,QUAREGNON,Quaregnon,O
53066,1/01/1830,31/12/1976,QUEVY-LE-GRAND,Quévy-le-Grand,N
53067,1/01/1830,31/12/1976,QUEVY-LE-PETIT,Quévy-le-Petit,N
53068,1/01/0001,31/03/2014,QUIEVRAIN,Quiévrain,N
53068,1/04/2014,,QUIEVRAIN,Quiévrain,O
53069,1/01/1830,31/12/1976,ROISIN,Roisin,N
53070,1/01/0001,31/03/2014,SAINT-GHISLAIN,Saint-Ghislain,N
53070,1/04/2014,,SAINT-GHISLAIN,Saint-Ghislain,O
53071,1/01/1830,31/12/1976,SAINT-SYMPHORIEN,Saint-Symphorien,N
53072,1/01/1830,31/12/1976,SARS-LA-BRUYERE,Sars-la-Bruyère,N
53073,1/01/1830,31/12/1976,SIRAULT,Sirault,N
53074,1/01/1830,31/12/1976,SPIENNES,Spiennes,N
53075,1/01/1883,31/12/1976,TERTRE,Tertre,N
53076,1/01/1830,31/12/1976,THULIN,Thulin,N
53077,1/01/1830,31/12/1976,VILLEROT,Villerot,N
53078,1/01/1830,31/12/1976,WARQUIGNIES,Warquignies,N
53079,1/01/1830,31/12/1976,WASMES,Wasmes,N
53080,1/01/1830,31/12/1976,WASMUEL,Wasmuel,N
53081,1/01/1830,31/12/1976,WIHERIES,Wihéries,N
53082,1/01/0001,31/03/2014,COLFONTAINE,Colfontaine,N
53082,1/04/2014,,COLFONTAINE,Colfontaine,O
53083,1/01/0001,31/03/2014,HONNELLES,Honnelles,N
53083,1/04/2014,,HONNELLES,Honnelles,O
53084,1/01/0001,31/03/2014,QUEVY,Quévy,N
53084,1/04/2014,,QUEVY,Quévy,O
54001,1/01/1830,31/12/1976,BAS-WARNETON,Bas-Warneton,N
54002,1/01/1830,31/12/1982,COMINES,Comines,N
54003,1/01/1830,31/12/1976,DOTTIGNIES,Dottignies,N
54004,1/01/1830,31/12/1976,HERSEAUX,Herseaux,N
54005,1/01/1830,31/12/1976,HOUTHEM,Houthem,N
54006,1/01/1830,31/12/1976,LUINGNE,Luingne,N
54007,1/01/0001,31/03/2014,MOUSCRON,Mouscron,N
54007,1/04/2014,31/12/2018,MOUSCRON,Mouscron,N
54008,1/01/1850,31/12/1976,PLOEGSTEERT,Ploegsteert,N
54009,1/01/1830,31/12/1976,WARNETON,Warneton,N
54010,1/01/0001,31/03/2014,COMINES-WARNETON,Comines-Warneton,N
54010,1/04/2014,31/12/2018,COMINES-WARNETON,Comines-Warneton,N
55001,1/01/1830,31/12/1976,BASSILLY,Bassilly,N
55002,1/01/1830,31/12/1976,BOIS-DE-LESSINES,Bois-de-Lessines,N
55003,1/01/1830,31/12/1976,BOUSSOIT,Boussoit,N
55004,1/01/0001,31/03/2014,BRAINE-LE-COMTE,Braine-le-Comte,N
55004,1/04/2014,,BRAINE-LE-COMTE,Braine-le-Comte,O
55005,1/01/1830,31/12/1976,BRAY,Bray,N
55006,1/01/1830,31/12/1976,CASTEAU,Casteau,N
55007,1/01/1830,31/12/1976,DEUX-ACREN,Deux-Acren,N
55008,1/01/1830,31/12/1976,ECAUSSINNES-D'ENGHIEN,Ecaussinnes-d'Enghien,N
55009,1/01/1830,31/12/1976,ECAUSSINNES-LALAING,Ecaussinnes-Lalaing,N
55010,1/01/0001,31/03/2014,ENGHIEN,Enghien,N
55010,1/04/2014,31/12/2018,ENGHIEN,Enghien,N
55011,1/01/1830,31/12/1976,ESTINNES-AU-VAL,Estinnes-au-Val,N
55012,1/01/1830,31/12/1976,GHOY,Ghoy,N
55013,1/01/1830,31/12/1964,GOTTIGNIES,Gottignies,N
55014,1/01/1892,31/12/1976,GRATY,Graty,N
55015,1/01/1830,31/12/1976,HAINE-SAINT-PAUL,Haine-Saint-Paul,N
55016,1/01/1830,31/12/1976,HENNUYERES,Hennuyères,N
55017,1/01/1830,31/12/1976,HENRIPONT,Henripont,N
55018,1/01/1830,31/12/1976,HORRUES,Horrues,N
55019,1/01/1830,31/12/1976,HOUDENG-AIMERIES,Houdeng-Aimeries,N
55020,1/01/1830,31/12/1976,HOUDENG-GOEGNIES,Houdeng-Goegnies,N
55021,1/01/1830,31/12/1976,HOVES,Hoves,N
55022,1/01/0001,31/03/2014,LA LOUVIERE,La Louvière,N
55022,1/04/2014,31/12/2018,LA LOUVIERE,La Louvière,N
55023,1/01/0001,31/03/2014,LESSINES,Lessines,N
55023,1/04/2014,31/12/2018,LESSINES,Lessines,N
55024,1/01/1830,31/12/1976,MARCHE-LEZ-ECAUSSINNES,Marche-lez-Ecaussinnes,N
55025,1/01/1830,31/12/1976,MARCQ,Marcq,N
55026,1/01/1830,31/12/1976,MAURAGE,Maurage,N
55027,1/01/1830,31/12/1976,MIGNAULT,Mignault,N
55028,1/01/1830,31/12/1976,NAAST,Naast,N
55029,1/01/1830,31/12/1976,OGY,Ogy,N
55030,1/01/1830,31/12/1976,OLLIGNIES,Ollignies,N
55031,1/01/1830,31/12/1976,PAPIGNIES,Papignies,N
55032,1/01/1830,31/12/1976,PERONNES,Péronnes (SOIGNIES),N
55033,1/01/1830,31/12/1976,PETIT-ENGHIEN,Petit-Enghien,N
55034,1/01/1830,31/12/1976,PETIT-ROEULX-LEZ-BRAINE,Petit-Roeulx-lez-Braine,N
55035,1/01/0001,31/03/2014,LE ROEULX,Le Roeulx,N
55035,1/04/2014,,LE ROEULX,Le Roeulx,O
55036,1/01/1830,31/12/1976,RONQUIERES,Ronquières,N
55037,1/01/1830,31/12/1964,SAINT-DENIS,Saint-Denis (HAINAUT),N
55038,1/01/1830,31/12/1976,SAINT-VAAST,Saint-Vaast,N
55039,1/01/0001,31/03/2014,SILLY,Silly,N
55039,1/04/2014,31/12/2018,SILLY,Silly,N
55040,1/01/0001,31/03/2014,SOIGNIES,Soignies,N
55040,1/04/2014,,SOIGNIES,Soignies,O
55041,1/01/1830,31/12/1976,STEENKERQUE,Steenkerque,N
55042,1/01/1830,31/12/1976,STREPY-BRACQUEGNIES,Strépy-Bracquegnies,N
55043,1/01/1830,31/12/1976,THIEU,Thieu,N
55044,1/01/1830,31/12/1976,THIEUSIES,Thieusies,N
55045,1/01/1830,31/12/1976,THORICOURT,Thoricourt,N
55046,1/01/1830,31/12/1976,TRIVIERES,Trivières,N
55047,1/01/1830,31/12/1976,VELLEREILLE-LE-SEC,Vellereille-le-Sec,N
55048,1/01/1830,31/12/1976,VILLERS-SAINT-GHISLAIN,Villers-Saint-Ghislain,N
55049,1/01/1830,31/12/1976,VILLE-SUR-HAINE,Ville-sur-Haine,N
55050,1/01/0001,31/03/2014,ECAUSSINNES,Ecaussinnes,N
55050,1/04/2014,,ECAUSSINNES,Ecaussinnes,O
55051,1/01/1830,31/12/1964,WANNEBECQ,Wannebecq,N
55085,1/01/2019,,SENEFFE,Seneffe,O
55086,1/01/2019,,MANAGE,Manage,O
56001,1/01/0001,31/03/2014,ANDERLUES,Anderlues,N
56001,1/04/2014,,ANDERLUES,Anderlues,O
56002,1/01/1830,31/12/1976,BAILEUX,Baileux,N
56003,1/01/1830,31/12/1976,BAILIEVRE,Bailièvre,N
56004,1/01/1830,31/12/1976,BARBENCON,Barbençon,N
56005,1/01/0001,31/03/2014,BEAUMONT,Beaumont,N
56005,1/04/2014,,BEAUMONT,Beaumont,O
56006,1/01/1830,31/12/1976,BEAUWELZ,Beauwelz,N
56007,1/01/1830,31/12/1976,BERSILLIES-L'ABBAYE,Bersillies-l'Abbaye,N
56008,1/01/1830,31/12/1976,BIENNE-LEZ-HAPPART,Bienne-lez-Happart,N
56009,1/01/1830,31/12/1976,BIERCEE,Biercée,N
56010,1/01/1830,31/12/1976,BIESME-SOUS-THUIN,Biesme-sous-Thuin,N
56011,1/01/0001,31/03/2014,BINCHE,Binche,N
56011,1/04/2014,31/12/2018,BINCHE,Binche,N
56012,1/01/1830,31/12/1976,BOURLERS,Bourlers,N
56013,1/01/1830,31/12/1976,BOUSSU-LEZ-WALCOURT,Boussu-lez-Walcourt,N
56014,1/01/1830,31/12/1976,BUVRINNES,Buvrinnes,N
56015,1/01/1830,31/12/1976,CARNIERES,Carnières,N
56016,1/01/0001,31/03/2014,CHIMAY,Chimay,N
56016,1/04/2014,,CHIMAY,Chimay,O
56017,1/01/1830,31/12/1976,COUR-SUR-HEURE,Cour-sur-Heure,N
56018,1/01/1830,31/12/1976,CROIX-LEZ-ROUVEROY,Croix-lez-Rouveroy,N
56019,1/01/1830,31/12/1976,DONSTIENNES,Donstiennes,N
56020,1/01/1830,31/12/1976,EPINOIS,Epinois,N
56021,1/01/1830,31/12/1976,ERPION,Erpion,N
56022,1/01/0001,31/03/2014,ERQUELINNES,Erquelinnes,N
56022,1/04/2014,,ERQUELINNES,Erquelinnes,O
56023,1/01/1830,31/12/1976,ESTINNES-AU-MONT,Estinnes-au-Mont,N
56024,1/01/1830,31/12/1976,FAUROEULX,Fauroeulx,N
56025,1/01/1830,31/12/1976,FONTAINE-VALMONT,Fontaine-Valmont,N
56026,1/01/1903,31/12/1976,FORGE-PHILIPPE,Forge-Philippe,N
56027,1/01/1830,31/12/1976,FORGES,Forges,N
56028,1/01/1868,31/12/1964,FOURBECHIES,Fourbechies,N
56029,1/01/0001,31/03/2014,FROIDCHAPELLE,Froidchapelle,N
56029,1/04/2014,,FROIDCHAPELLE,Froidchapelle,O
56030,1/01/1830,31/12/1976,GOZEE,Gozée,N
56031,1/01/1830,31/12/1976,GRAND-RENG,Grand-Reng,N
56032,1/01/1830,31/12/1976,GRANDRIEU,Grandrieu,N
56033,1/01/1830,31/12/1976,HAINE-SAINT-PIERRE,Haine-Saint-Pierre,N
56034,1/01/1830,31/12/1976,HAM-SUR-HEURE,Ham-sur-Heure,N
56035,1/01/1830,31/12/1976,HANTES-WIHERIES,Hantes-Wihéries,N
56036,1/01/1830,31/12/1976,HAULCHIN,Haulchin,N
56037,1/01/1830,31/12/1976,JAMIOULX,Jamioulx,N
56038,1/01/1830,31/12/1976,LABUISSIERE,Labuissière,N
56039,1/01/1830,31/12/1976,LEERS-ET-FOSTEAU,Leers-et-Fosteau,N
56040,1/01/1886,31/12/1976,L'ESCAILLERE,L'Escaillère,N
56041,1/01/1830,31/12/1976,LEUGNIES,Leugnies,N
56042,1/01/1830,31/12/1976,LEVAL-CHAUDEVILLE,Leval-Chaudeville,N
56043,1/01/1830,31/12/1976,LEVAL-TRAHEGNIES,Leval-Trahegnies,N
56044,1/01/0001,31/03/2014,LOBBES,Lobbes,N
56044,1/04/2014,,LOBBES,Lobbes,O
56045,1/01/1830,31/12/1976,LOMPRET,Lompret,N
56046,1/01/1830,31/12/1976,MACON,Macon,N
56047,1/01/1867,31/12/1976,MACQUENOISE,Macquenoise,N
56048,1/01/1830,31/12/1976,MARBAIX,Marbaix,N
56049,1/01/0001,31/03/2014,MERBES-LE-CHATEAU,Merbes-le-Château,N
56049,1/04/2014,,MERBES-LE-CHATEAU,Merbes-le-Château,O
56050,1/01/1830,31/12/1976,MERBES-SAINTE-MARIE,Merbes-Sainte-Marie,N
56051,1/01/0001,31/03/2014,MOMIGNIES,Momignies,N
56051,1/04/2014,,MOMIGNIES,Momignies,O
56052,1/01/1830,31/12/1976,MONCEAU-IMBRECHIES,Monceau-Imbrechies,N
56053,1/01/1830,31/12/1976,MONTBLIART,Montbliart,N
56054,1/01/1830,31/12/1976,MONTIGNIES-SAINT-CHRISTOPHE,Montignies-Saint-Christophe,N
56055,1/01/1830,31/12/1976,MONT-SAINTE-ALDEGONDE,Mont-Sainte-Aldegonde,N
56056,1/01/1830,31/12/1976,MONT-SAINTE-GENEVIEVE,Mont-Sainte-Geneviève,N
56057,1/01/1830,31/12/1976,MORLANWELZ-MARIEMONT,Morlanwelz-Mariemont,N
56058,1/01/1830,31/12/1976,NALINNES,Nalinnes,N
56059,1/01/1830,31/12/1976,PEISSANT,Peissant,N
56060,1/01/1830,31/12/1976,RAGNIES,Ragnies,N
56061,1/01/1830,31/12/1976,RANCE,Rance,N
56062,1/01/1830,31/12/1976,RENLIES,Renlies,N
56063,1/01/1830,31/12/1976,RESSAIX,Ressaix,N
56064,1/01/1851,31/12/1976,RIEZES,Rièzes,N
56065,1/01/1830,31/12/1976,ROBECHIES,Robechies,N
56066,1/01/1830,31/12/1976,ROUVEROY,Rouveroy,N
56067,1/01/1830,31/12/1976,SAINT-REMY,Saint-Remy (HAINAUT),N
56068,1/01/1830,31/12/1976,SALLES,Salles,N
56069,1/01/1830,31/12/1976,SARS-LA-BUISSIERE,Sars-la-Buissière,N
56070,1/01/1914,31/12/1976,SAUTIN,Sautin,N
56071,1/01/1830,31/12/1976,SELOIGNES,Seloignes,N
56072,1/01/1830,31/12/1976,SIVRY,Sivry,N
56073,1/01/1830,31/12/1976,SOLRE-SAINT-GERY,Solre-Saint-Géry,N
56074,1/01/1830,31/12/1976,SOLRE-SUR-SAMBRE,Solre-sur-Sambre,N
56075,1/01/1830,31/12/1976,STREE,Strée (HAINAUT),N
56076,1/01/1830,31/12/1976,THIRIMONT,Thirimont,N
56077,1/01/1830,31/12/1976,THUILLIES,Thuillies,N
56078,1/01/0001,31/03/2014,THUIN,Thuin,N
56078,1/04/2014,,THUIN,Thuin,O
56079,1/01/1830,31/12/1976,VAULX,Vaulx (THUIN),N
56080,1/01/1830,31/12/1976,VELLEREILLE-LES-BRAYEUX,Vellereille-les-Brayeux,N
56081,1/01/1830,31/12/1976,VERGNIES,Vergnies,N
56082,1/01/1830,31/12/1976,VILLERS-LA-TOUR,Villers-la-Tour,N
56083,1/01/1830,31/12/1976,VIRELLES,Virelles,N
56084,1/01/1830,31/12/1976,WAUDREZ,Waudrez,N
56085,1/01/0001,31/03/2014,ESTINNES,Estinnes,N
56085,1/04/2014,31/12/2018,ESTINNES,Estinnes,N
56086,1/01/0001,31/03/2014,HAM-SUR-HEURE-NALINNES,Ham-sur-Heure-Nalinnes,N
56086,1/04/2014,,HAM-SUR-HEURE-NALINNES,Ham-sur-Heure-Nalinnes,O
56087,1/01/0001,31/03/2014,MORLANWELZ,Morlanwelz,N
56087,1/04/2014,31/12/2018,MORLANWELZ,Morlanwelz,N
56088,1/01/0001,31/03/2014,SIVRY-RANCE,Sivry-Rance,N
56088,1/04/2014,,SIVRY-RANCE,Sivry-Rance,O
57001,1/01/1830,31/12/1976,AMOUGIES,Amougies,N
57002,1/01/1830,31/12/1976,ANSEROEUL,Anseroeul,N
57003,1/01/0001,31/03/2014,ANTOING,Antoing,N
57003,1/04/2014,,ANTOING,Antoing,O
57004,1/01/1830,31/12/1976,BAILLEUL,Bailleul,N
57005,1/01/1830,31/12/1976,BARRY,Barry,N
57006,1/01/1830,31/12/1976,BAUGNIES,Baugnies,N
57007,1/01/1830,31/12/1976,BECLERS,Béclers,N
57008,1/01/1830,31/12/1976,BLANDAIN,Blandain,N
57009,1/01/1830,31/12/1976,BLATON,Blaton,N
57010,1/01/1830,31/12/1976,BLEHARIES,Bléharies,N
57011,1/01/1907,31/12/1976,BON-SECOURS,Bon-Secours,N
57012,1/01/1830,31/12/1976,BRAFFE,Braffe,N
57013,1/01/1830,31/12/1976,BRASMENIL,Brasmenil,N
57014,1/01/1830,31/12/1976,BRUYELLE,Bruyelle,N
57015,1/01/1830,31/12/1976,BURY,Bury,N
57016,1/01/1830,31/12/1976,CALLENELLE,Callenelle,N
57017,1/01/1830,31/12/1976,CALONNE,Calonne,N
57018,1/01/0001,31/03/2014,CELLES,Celles (HAINAUT),N
57018,1/04/2014,,CELLES,Celles (HAINAUT),O
57019,1/01/1830,31/12/1976,CHAPELLE-A-OIE,Chapelle-à-Oie,N
57020,1/01/1830,31/12/1976,CHAPELLE-A-WATTINES,Chapelle-à-Wattines,N
57021,1/01/1830,31/12/1976,CHERCQ,Chercq,N
57022,1/01/1830,31/12/1976,ERE,Ere,N
57023,1/01/1830,31/12/1976,ESCANAFFLES,Escanaffles,N
57024,1/01/1830,31/12/1976,ESPLECHIN,Esplechin,N
57025,1/01/1830,31/12/1976,ESQUELMES,Esquelmes,N
57026,1/01/1830,31/12/1976,ESTAIMBOURG,Estaimbourg,N
57027,1/01/0001,31/03/2014,ESTAIMPUIS,Estaimpuis,N
57027,1/04/2014,,ESTAIMPUIS,Estaimpuis,O
57028,1/01/1830,31/12/1976,EVREGNIES,Evregnies,N
57029,1/01/1830,31/12/1976,FONTENOY,Fontenoy,N
57030,1/01/1830,31/12/1976,FROIDMONT,Froidmont,N
57031,1/01/1830,31/12/1976,FROYENNES,Froyennes,N
57032,1/01/1830,31/12/1976,GALLAIX,Gallaix,N
57033,1/01/1830,31/12/1976,GAURAIN-RAMECROIX,Gaurain-Ramecroix,N
57034,1/01/1830,31/12/1976,GRANDMETZ,Grandmetz,N
57035,1/01/1830,31/12/1976,GUIGNIES,Guignies,N
57036,1/01/1830,31/12/1976,HAVINNES,Havinnes,N
57037,1/01/1830,31/12/1976,HERINNES,Hérinnes,N
57038,1/01/1830,31/12/1976,HERTAIN,Hertain,N
57039,1/01/1830,31/12/1976,HOLLAIN,Hollain,N
57040,1/01/1830,31/12/1976,HOWARDRIES,Howardries,N
57041,1/01/1830,31/12/1976,JOLLAIN-MERLIN,Jollain-Merlin,N
57042,1/01/1830,31/12/1976,KAIN,Kain,N
57043,1/01/1887,31/12/1976,LA GLANERIE,La Glanerie,N
57044,1/01/1830,31/12/1976,LAMAIN,Lamain,N
57045,1/01/1830,31/12/1976,LAPLAIGNE,Laplaigne,N
57046,1/01/1830,31/12/1976,LEERS-NORD,Leers-Nord,N
57047,1/01/1830,31/12/1976,LESDAIN,Lesdain,N
57048,1/01/1830,31/12/1976,LEUZE,Leuze (HAINAUT),N
57049,1/01/1830,31/12/1976,LIGNE,Ligne,N
57050,1/01/1830,31/12/1976,MARQUAIN,Marquain,N
57051,1/01/1830,31/12/1976,MAUBRAY,Maubray,N
57052,1/01/1830,31/12/1976,MAULDE,Maulde,N
57053,1/01/1830,31/12/1976,MELLES,Melles,N
57054,1/01/1836,31/12/1976,MOLENBAIX,Molenbaix,N
57055,1/01/1830,31/12/1976,MONTROEUL-AU-BOIS,Montroeul-au-Bois,N
57056,1/01/1830,31/12/1976,MONT-SAINT-AUBERT,Mont-Saint-Aubert,N
57057,1/01/1830,31/12/1976,MOURCOURT,Mourcourt,N
57058,1/01/1830,31/12/1976,NECHIN,Néchin,N
57059,1/01/1830,31/12/1976,OBIGIES,Obigies,N
57060,1/01/1830,31/12/1976,ORCQ,Orcq,N
57061,1/01/1830,31/12/1976,ORROIR,Orroir,N
57062,1/01/0001,31/03/2014,PECQ,Pecq,N
57062,1/04/2014,,PECQ,Pecq,O
57063,1/01/1830,31/12/1976,PERONNES,Péronnes (TOURNAI),N
57064,1/01/0001,31/03/2014,PERUWELZ,Péruwelz,N
57064,1/04/2014,,PERUWELZ,Péruwelz,O
57065,1/01/1830,31/12/1976,PIPAIX,Pipaix,N
57066,1/01/1830,31/12/1976,POPUELLES,Popuelles,N
57067,1/01/1830,31/12/1976,POTTES,Pottes,N
57068,1/01/1830,31/12/1976,QUARTES,Quartes,N
57069,1/01/1830,31/12/1976,RAMEGNIES-CHIN,Ramegnies-Chin,N
57070,1/01/1830,31/12/1976,RONGY,Rongy,N
57071,1/01/1830,31/12/1976,ROUCOURT,Roucourt,N
57072,1/01/0001,31/03/2014,RUMES,Rumes,N
57072,1/04/2014,,RUMES,Rumes,O
57073,1/01/1830,31/12/1976,RUMILLIES,Rumillies,N
57074,1/01/1830,31/12/1976,RUSSEIGNIES,Russeignies,N
57075,1/01/1830,31/12/1976,SAINT-LEGER,Saint-Léger (HAINAUT),N
57076,1/01/1830,31/12/1976,SAINT-MAUR,Saint-Maur,N
57077,1/01/1830,31/12/1976,TAINTIGNIES,Taintignies,N
57078,1/01/1830,31/12/1976,TEMPLEUVE,Templeuve,N
57079,1/01/1830,31/12/1976,THIEULAIN,Thieulain,N
57080,1/01/1830,31/12/1976,THIMOUGIES,Thimougies,N
57081,1/01/0001,31/03/2014,TOURNAI,Tournai,N
57081,1/04/2014,,TOURNAI,Tournai,O
57082,1/01/1830,31/12/1976,VAULX,Vaulx (TOURNAI),N
57083,1/01/1830,31/12/1976,VELAINES,Velaines,N
57084,1/01/1830,31/12/1976,VEZON,Vezon,N
57085,1/01/1830,31/12/1976,WARCHIN,Warchin,N
57086,1/01/1830,31/12/1976,WARCOING,Warcoing,N
57087,1/01/1830,31/12/1976,WASMES-AUDEMEZ-BRIFFOEIL,Wasmes-Audemez-Briffoeil,N
57088,1/01/1830,31/12/1970,WATTRIPONT,Wattripont,N
57089,1/01/1830,31/12/1976,WEZ-VELVAIN,Wez-Velvain,N
57090,1/01/1830,31/12/1976,WIERS,Wiers,N
57091,1/01/1830,31/12/1976,WILLAUPUIS,Willaupuis,N
57092,1/01/1830,31/12/1976,WILLEMEAU,Willemeau,N
57093,1/01/0001,31/03/2014,BRUNEHAUT,Brunehaut,N
57093,1/04/2014,,BRUNEHAUT,Brunehaut,O
57094,1/01/0001,31/03/2014,LEUZE-EN-HAINAUT,Leuze-en-Hainaut,N
57094,1/04/2014,,LEUZE-EN-HAINAUT,Leuze-en-Hainaut,O
57095,1/01/0001,31/03/2014,MONT-DE-L'ENCLUS,Mont-de-l'Enclus,N
57095,1/04/2014,,MONT-DE-L'ENCLUS,Mont-de-l'Enclus,O
57096,1/01/2019,,MOUSCRON,Mouscron,O
57097,1/01/2019,,COMINES-WARNETON,Comines-Warneton,O
58001,1/01/2019,,LA LOUVIERE,La Louvière,O
58002,1/01/2019,,BINCHE,Binche,O
58003,1/01/2019,,ESTINNES,Estinnes,O
58004,1/01/2019,,MORLANWELZ,Morlanwelz,O
61001,1/01/1830,31/12/1976,ABEE,Abée,N
61002,1/01/1830,31/12/1976,AINEFFE,Aineffe,N
61003,1/01/0001,31/03/2014,AMAY,Amay,N
61003,1/04/2014,,AMAY,Amay,O
61004,1/01/1830,31/12/1976,AMPSIN,Ampsin,N
61005,1/01/1830,31/12/1976,ANTHEIT,Antheit,N
61006,1/01/1830,31/12/1976,BAS-OHA,Bas-Oha,N
61007,1/01/1830,31/12/1976,BEN-AHIN,Ben-Ahin,N
61008,1/01/1830,31/12/1976,BOIS-ET-BORSU,Bois-et-Borsu,N
61009,1/01/1830,31/12/1970,BORLEZ,Borlez,N
61010,1/01/0001,31/03/2014,BURDINNE,Burdinne,N
61010,1/04/2014,,BURDINNE,Burdinne,O
61011,1/01/1830,31/12/1976,CHAPON-SERAING,Chapon-Seraing,N
61012,1/01/0001,31/03/2014,CLAVIER,Clavier,N
61012,1/04/2014,,CLAVIER,Clavier,O
61013,1/01/1830,31/12/1976,CLERMONT-SOUS-HUY,Clermont-sous-Huy,N
61014,1/01/1830,31/12/1976,COMBLAIN-FAIRON,Comblain-Fairon,N
61015,1/01/1830,31/12/1976,COUTHUIN,Couthuin,N
61016,1/01/1830,31/12/1976,EHEIN,Ehein,N
61017,1/01/1830,31/12/1976,ELLEMELLE,Ellemelle,N
61018,1/01/1830,31/12/1976,ERNONHEID,Ernonheid,N
61019,1/01/0001,31/03/2014,FERRIERES,Ferrières,N
61019,1/04/2014,,FERRIERES,Ferrières,O
61020,1/01/1830,31/12/1976,FILOT,Filot,N
61021,1/01/1830,31/12/1976,FIZE-FONTAINE,Fize-Fontaine,N
61022,1/01/1830,31/12/1976,FLONE,Flône,N
61023,1/01/1830,31/12/1976,FRAITURE,Fraiture,N
61024,1/01/0001,31/03/2014,HAMOIR,Hamoir,N
61024,1/04/2014,,HAMOIR,Hamoir,O
61025,1/01/1830,31/12/1976,HANNECHE,Hannêche,N
61026,1/01/1830,31/12/1976,HARZE,Harzé,N
61027,1/01/1830,31/12/1976,HERMALLE-SOUS-HUY,Hermalle-sous-Huy,N
61028,1/01/0001,31/03/2014,HERON,Héron,N
61028,1/04/2014,,HERON,Héron,O
61029,1/01/1830,31/12/1976,HODY,Hody,N
61030,1/01/1830,31/12/1976,HUCCORGNE,Huccorgne,N
61031,1/01/0001,31/03/2014,HUY,Huy,N
61031,1/04/2014,,HUY,Huy,O
61032,1/01/1830,31/12/1976,JEHAY-BODEGNEE,Jehay-Bodegnée,N
61033,1/01/1830,31/12/1976,LAMONTZEE,Lamontzée,N
61034,1/01/1830,31/12/1976,LANDENNE,Landenne,N
61035,1/01/1830,31/12/1976,LAVOIR,Lavoir,N
61036,1/01/1830,31/12/1976,LES AVINS,Les Avins,N
61037,1/01/1830,31/12/1970,LES WALEFFES,Les Waleffes,N
61038,1/01/1830,31/12/1976,LORCE,Lorcé,N
61039,1/01/0001,31/03/2014,MARCHIN,Marchin,N
61039,1/04/2014,,MARCHIN,Marchin,O
61040,1/01/1830,31/12/1976,MARNEFFE,Marneffe,N
61041,1/01/0001,31/03/2014,MODAVE,Modave,N
61041,1/04/2014,,MODAVE,Modave,O
61042,1/01/1830,31/12/1976,MOHA,Moha,N
61043,1/01/0001,31/03/2014,NANDRIN,Nandrin,N
61043,1/04/2014,,NANDRIN,Nandrin,O
61044,1/01/1830,31/12/1976,NEUVILLE-EN-CONDROZ,Neuville-en-Condroz,N
61045,1/01/1830,31/12/1976,OCQUIER,Ocquier,N
61046,1/01/1842,31/12/1976,OMBRET-RAWSA,Ombret-Rawsa,N
61047,1/01/1830,31/12/1976,OTEPPE,Oteppe,N
61048,1/01/0001,31/03/2014,OUFFET,Ouffet,N
61048,1/04/2014,,OUFFET,Ouffet,O
61049,1/01/1830,31/12/1976,OUTRELOUXHE,Outrelouxhe,N
61050,1/01/1830,31/12/1976,PAILHE,Pailhe,N
61051,1/01/1884,31/12/1976,POULSEUR,Poulseur,N
61052,1/01/1830,31/12/1976,RAMELOT,Ramelot,N
61053,1/01/1830,31/12/1976,SAINT-SEVERIN,Saint-Séverin,N
61054,1/01/1830,31/12/1976,SEILLES,Seilles,N
61055,1/01/1830,31/12/1976,SENY,Seny,N
61056,1/01/1830,31/12/1976,SERAING-LE-CHATEAU,Seraing-le-Château,N
61057,1/01/1830,31/12/1976,SOHEIT-TINLOT,Soheit-Tinlot,N
61058,1/01/1830,31/12/1976,STREE,Strée (LIEGE),N
61059,1/01/1830,31/12/1976,TAVIER,Tavier,N
61060,1/01/1830,31/12/1976,TERWAGNE,Terwagne,N
61061,1/01/1830,31/12/1976,TIHANGE,Tihange,N
61062,1/01/1830,31/12/1976,VAUX-ET-BORSET,Vaux-et-Borset,N
61063,1/01/0001,31/03/2014,VERLAINE,Verlaine,N
61063,1/04/2014,,VERLAINE,Verlaine,O
61064,1/01/1830,31/12/1976,VIERSET-BARSE,Vierset-Barse,N
61065,1/01/1830,31/12/1976,VIEUXVILLE,Vieuxville,N
61066,1/01/1830,31/12/1976,VIEUX-WALEFFE,Vieux-Waleffe,N
61067,1/01/1830,31/12/1976,VILLERS-AUX-TOURS,Villers-aux-Tours,N
61068,1/01/0001,31/03/2014,VILLERS-LE-BOUILLET,Villers-le-Bouillet,N
61068,1/04/2014,,VILLERS-LE-BOUILLET,Villers-le-Bouillet,O
61069,1/01/1830,31/12/1976,VILLERS-LE-TEMPLE,Villers-le-Temple,N
61070,1/01/1830,31/12/1976,VINALMONT,Vinalmont,N
61071,1/01/1830,31/12/1976,VYLE-ET-THAROUL,Vyle-et-Tharoul,N
61072,1/01/0001,31/03/2014,WANZE,Wanze,N
61072,1/04/2014,,WANZE,Wanze,O
61073,1/01/1830,31/12/1976,WARET-L'EVEQUE,Waret-l'Evêque,N
61074,1/01/1830,31/12/1976,WARNANT-DREYE,Warnant-Dreye,N
61075,1/01/1830,31/12/1976,WARZEE,Warzée,N
61076,1/01/1830,31/12/1976,WERBOMONT,Werbomont,N
61077,1/01/1830,31/12/1976,XHORIS,Xhoris,N
61078,1/01/1830,31/12/1976,YERNEE-FRAINEUX,Yernée-Fraineux,N
61079,1/01/0001,31/03/2014,ANTHISNES,Anthisnes,N
61079,1/04/2014,,ANTHISNES,Anthisnes,O
61080,1/01/0001,31/03/2014,ENGIS,Engis,N
61080,1/04/2014,,ENGIS,Engis,O
61081,1/01/0001,31/03/2014,TINLOT,Tinlot,N
61081,1/04/2014,,TINLOT,Tinlot,O
61082,1/01/1830,31/12/1952,LINCHET,Linchet,N
61083,1/01/1830,31/12/1952,NEUVILLE-SOUS-HUY,Neuville-sous-Huy,N
61084,1/01/1830,31/12/1952,VISSOUL,Vissoul,N
62001,1/01/1830,31/12/1976,ALLEUR,Alleur,N
62002,1/01/1830,31/12/1976,ANGLEUR,Angleur,N
62003,1/01/0001,31/03/2014,ANS,Ans,N
62003,1/04/2014,,ANS,Ans,O
62005,1/01/1830,31/12/1976,ARGENTEAU,Argenteau,N
62006,1/01/0001,31/03/2014,AWANS,Awans,N
62006,1/04/2014,,AWANS,Awans,O
62007,1/01/1830,31/12/1976,AWIRS,Awirs,N
62008,1/01/1830,31/12/1976,AYENEUX,Ayeneux,N
62009,1/01/0001,31/03/2014,AYWAILLE,Aywaille,N
62009,1/04/2014,,AYWAILLE,Aywaille,O
62010,1/01/1878,31/12/1976,BARCHON,Barchon,N
62011,1/01/0001,31/03/2014,BASSENGE,Bassenge,N
62011,1/04/2014,,BASSENGE,Bassenge,O
62012,1/01/1830,31/12/1976,BEAUFAYS,Beaufays,N
62013,1/01/1830,31/12/1976,BELLAIRE,Bellaire,N
62014,1/01/1830,31/12/1976,BERNEAU,Berneau,N
62015,1/01/0001,31/03/2014,BEYNE-HEUSAY,Beyne-Heusay,N
62015,1/04/2014,,BEYNE-HEUSAY,Beyne-Heusay,O
62016,1/01/1830,31/12/1976,BIERSET,Bierset,N
62017,1/01/1866,31/12/1976,BOIRS,Boirs,N
62018,1/01/1830,31/12/1976,BOMBAYE,Bombaye,N
62019,1/01/1830,31/12/1976,BONCELLES,Boncelles,N
62020,1/01/1871,31/12/1976,BRESSOUX,Bressoux,N
62021,1/01/1830,31/12/1976,CEREXHE-HEUSEUX,Cerexhe-Heuseux,N
62022,1/01/0001,31/03/2014,CHAUDFONTAINE,Chaudfontaine,N
62022,1/04/2014,,CHAUDFONTAINE,Chaudfontaine,O
62023,1/01/1830,31/12/1976,CHENEE,Chênée,N
62024,1/01/1830,31/12/1976,CHERATTE,Cheratte,N
62025,1/01/1830,31/12/1968,CHOKIER,Chokier,N
62026,1/01/0001,31/03/2014,COMBLAIN-AU-PONT,Comblain-au-Pont,N
62026,1/04/2014,,COMBLAIN-AU-PONT,Comblain-au-Pont,O
62027,1/01/0001,31/03/2014,DALHEM,Dalhem,N
62027,1/04/2014,,DALHEM,Dalhem,O
62028,1/01/1879,31/12/1976,DOLEMBREUX,Dolembreux,N
62029,1/01/1830,31/12/1976,EBEN-EMAEL,Eben-Emael,N
62030,1/01/1830,31/12/1976,EMBOURG,Embourg,N
62032,1/01/0001,31/03/2014,ESNEUX,Esneux,N
62032,1/04/2014,,ESNEUX,Esneux,O
62033,1/01/1830,31/12/1976,EVEGNEE-TIGNEE,Evegnée-Tignée,N
62034,1/01/1830,31/12/1976,FENEUR,Feneur,N
62035,1/01/1830,31/12/1976,FEXHE-SLINS,Fexhe-Slins,N
62036,1/01/1830,31/12/1976,FLEMALLE-GRANDE,Flémalle-Grande,N
62037,1/01/1830,31/12/1976,FLEMALLE-HAUTE,Flémalle-Haute,N
62038,1/01/0001,31/03/2014,FLERON,Fléron,N
62038,1/04/2014,,FLERON,Fléron,O
62039,1/01/1830,31/12/1976,FOOZ,Fooz,N
62040,1/01/1830,31/12/1976,FORET,Forêt,N
62041,1/01/1830,31/12/1976,FRAIPONT,Fraipont,N
62042,1/01/1874,31/12/1976,GLAIN,Glain,N
62043,1/01/1830,31/12/1964,GLEIXHE,Gleixhe,N
62044,1/01/1830,31/12/1976,GLONS,Glons,N
62045,1/01/1830,31/12/1976,GOMZE-ANDOUMONT,Gomzé-Andoumont,N
62046,1/01/1846,31/12/1970,GRACE-BERLEUR,Grâce-Berleur,N
62047,1/01/1830,31/12/1976,GRIVEGNEE,Grivegnée,N
62048,1/01/1830,31/12/1976,HACCOURT,Haccourt,N
62049,1/01/1830,31/12/1976,HERMALLE-SOUS-ARGENTEAU,Hermalle-sous-Argenteau,N
62050,1/01/1830,31/12/1976,HERMEE,Hermée,N
62051,1/01/0001,31/03/2014,HERSTAL,Herstal,N
62051,1/04/2014,,HERSTAL,Herstal,O
62052,1/01/1830,31/12/1976,HEURE-LE-ROMAIN,Heure-le-Romain,N
62053,1/01/1830,31/12/1976,HOGNOUL,Hognoul,N
62054,1/01/1830,31/12/1970,HOLLOGNE-AUX-PIERRES,Hollogne-aux-Pierres,N
62055,1/01/1830,31/12/1976,HORION-HOZEMONT,Horion-Hozémont,N
62056,1/01/1830,31/12/1976,HOUSSE,Housse,N
62057,1/01/1830,31/12/1976,HOUTAIN-SAINT-SIMEON,Houtain-Saint-Siméon,N
62058,1/01/1830,31/12/1976,JEMEPPE,Jemeppe (LIEGE),N
62059,1/01/1830,31/12/1976,JUPILLE-SUR-MEUSE,Jupille-sur-Meuse,N
62060,1/01/0001,31/03/2014,JUPRELLE,Juprelle,N
62060,1/04/2014,,JUPRELLE,Juprelle,O
62061,1/01/1830,31/12/1976,LANAYE,Lanaye,N
62062,1/01/1830,31/12/1976,LANTIN,Lantin,N
62063,1/01/0001,31/03/2014,LIEGE,Liège,N
62063,1/04/2014,,LIEGE,Liège,O
62064,1/01/1830,31/12/1976,LIERS,Liers,N
62065,1/01/1830,31/12/1976,LIXHE,Lixhe,N
62066,1/01/1830,31/12/1976,LONCIN,Loncin,N
62067,1/01/1830,31/12/1976,LOUVEIGNE,Louveigné,N
62068,1/01/1830,31/12/1976,MAGNEE,Magnée,N
62069,1/01/1830,31/12/1976,MELEN,Melen,N
62070,1/01/1830,31/12/1976,MICHEROUX,Micheroux,N
62071,1/01/1830,31/12/1976,MILMORT,Milmort,N
62072,1/01/1830,31/12/1976,MONS-LEZ-LIEGE,Mons-lez-Liège,N
62073,1/01/1830,31/12/1976,MONTEGNEE,Montegnée,N
62074,1/01/1830,31/12/1976,MORTIER,Mortier,N
62075,1/01/1830,31/12/1976,MORTROUX,Mortroux,N
62076,1/01/1830,31/12/1976,NESSONVAUX,Nessonvaux,N
62077,1/01/1830,31/12/1976,OTHEE,Othée,N
62078,1/01/1830,31/12/1976,OUGREE,Ougrée,N
62079,1/01/0001,31/03/2014,OUPEYE,Oupeye,N
62079,1/04/2014,,OUPEYE,Oupeye,O
62080,1/01/1830,31/12/1976,PAIFVE,Paifve,N
62081,1/01/1830,31/12/1976,PLAINEVAUX,Plainevaux,N
62082,1/01/1830,31/12/1976,QUEUE-DU-BOIS,Queue-du-Bois,N
62083,1/01/1830,31/12/1976,IVOZ-RAMET,Ivoz-Ramet,N
62084,1/01/1830,31/12/1976,RETINNE,Retinne,N
62085,1/01/1830,31/12/1976,RICHELLE,Richelle,N
62086,1/01/1830,31/12/1976,ROCLENGE-SUR-GEER,Roclenge-sur-Geer,N
62087,1/01/1830,31/12/1976,ROCOURT,Rocourt,N
62088,1/01/1830,31/12/1964,ROLOUX,Roloux,N
62089,1/01/1830,31/12/1976,ROMSEE,Romsée,N
62090,1/01/1830,31/12/1976,ROTHEUX-RIMIERE,Rotheux-Rimière,N
62091,1/01/1886,31/12/1976,ROUVREUX,Rouvreux,N
62092,1/01/1830,31/12/1976,SAINT-ANDRE,Saint-André,N
62093,1/01/0001,31/03/2014,SAINT-NICOLAS,Saint-Nicolas,N
62093,1/04/2014,,SAINT-NICOLAS,Saint-Nicolas,O
62094,1/01/1830,31/12/1976,SAINT-REMY,Saint-Remy (LIEGE),N
62095,1/01/1830,31/12/1976,SAIVE,Saive,N
62096,1/01/0001,31/03/2014,SERAING,Seraing,N
62096,1/04/2014,,SERAING,Seraing,O
62097,1/01/1830,31/12/1976,SLINS,Slins,N
62098,1/01/1919,31/12/1976,SOUGNE-REMOUCHAMPS,Sougné-Remouchamps,N
62099,1/01/0001,31/03/2014,SOUMAGNE,Soumagne,N
62099,1/04/2014,,SOUMAGNE,Soumagne,O
62100,1/01/0001,31/03/2014,SPRIMONT,Sprimont,N
62100,1/04/2014,,SPRIMONT,Sprimont,O
62101,1/01/1830,31/12/1976,TILFF,Tilff,N
62102,1/01/1830,31/12/1976,TILLEUR,Tilleur,N
62103,1/01/1830,31/12/1976,TREMBLEUR,Trembleur,N
62104,1/01/1830,31/12/1976,VAUX-SOUS-CHEVREMONT,Vaux-sous-Chèvremont,N
62105,1/01/1830,31/12/1976,VELROUX,Velroux,N
62106,1/01/1830,31/12/1976,VILLERS-L'EVEQUE,Villers-l'Evêque,N
62107,1/01/1830,31/12/1976,VILLERS-SAINT-SIMEON,Villers-Saint-Siméon,N
62108,1/01/0001,31/03/2014,VISE,Visé,N
62108,1/04/2014,,VISE,Visé,O
62109,1/01/1830,31/12/1976,VIVEGNIS,Vivegnis,N
62110,1/01/1830,31/12/1964,VOROUX-GOREUX,Voroux-Goreux,N
62111,1/01/1830,31/12/1976,VOROUX-LEZ-LIERS,Voroux-lez-Liers,N
62112,1/01/1830,31/12/1976,VOTTEM,Vottem,N
62113,1/01/1830,31/12/1976,WANDRE,Wandre,N
62114,1/01/1830,31/12/1976,WARSAGE,Warsage,N
62115,1/01/1830,31/12/1976,WIHOGNE,Wihogne,N
62116,1/01/1830,31/12/1976,WONCK,Wonck,N
62117,1/01/1830,31/12/1970,XHENDREMAEL,Xhendremael,N
62118,1/01/0001,31/03/2014,GRACE-HOLLOGNE,Grâce-Hollogne,N
62118,1/04/2014,,GRACE-HOLLOGNE,Grâce-Hollogne,O
62119,1/01/0001,31/03/2014,BLEGNY,Blegny,N
62119,1/04/2014,,BLEGNY,Blegny,O
62120,1/01/0001,31/03/2014,FLEMALLE,Flémalle,N
62120,1/04/2014,,FLEMALLE,Flémalle,O
62121,1/01/0001,31/03/2014,NEUPRE,Neupré,N
62121,1/04/2014,,NEUPRE,Neupré,O
62122,1/01/0001,31/03/2014,TROOZ,Trooz,N
62122,1/04/2014,,TROOZ,Trooz,O
62123,1/01/1830,31/12/1948,TIGNEE,Tignée,N
63001,1/01/0001,,AMBLEVE,Amblève,O
63002,1/01/1830,31/12/1976,ANDRIMONT,Andrimont,N
63003,1/01/0001,31/03/2014,AUBEL,Aubel,N
63003,1/04/2014,,AUBEL,Aubel,O
63004,1/01/0001,31/03/2014,BAELEN,Baelen,N
63004,1/04/2014,,BAELEN,Baelen,O
63005,1/01/1830,31/12/1976,BASSE-BODEUX,Basse-Bodeux,N
63006,1/01/1830,31/12/1976,BATTICE,Battice,N
63007,1/01/1925,31/12/1976,BELLEVAUX-LIGNEUVILLE,Bellevaux-Ligneuville,N
63008,1/01/1925,31/12/1976,BEVERCE,Bevercé,N
63009,1/01/1830,31/12/1976,BILSTAIN,Bilstain,N
63010,1/01/1830,31/12/1976,BOLLAND,Bolland,N
63011,1/01/1830,31/12/1976,BRA,Bra,N
63012,1/01/0001,,BULLANGE,Bullange,O
63013,1/01/0001,,BUTGENBACH,Butgenbach,O
63014,1/01/1869,31/12/1976,CHAINEUX,Chaineux,N
63015,1/01/1830,31/12/1976,CHARNEUX,Charneux,N
63016,1/01/1830,31/12/1976,CHEVRON,Chevron,N
63017,1/01/1830,31/12/1976,CLERMONT,Clermont (LIEGE),N
63018,1/01/1830,31/12/1964,CORNESSE,Cornesse,N
63019,1/01/1925,31/12/1976,CROMBACH,Crombach,N
63020,1/01/0001,31/03/2014,DISON,Dison,N
63020,1/04/2014,,DISON,Dison,O
63021,1/01/1925,31/12/1976,ELSENBORN,Elsenborn,N
63022,1/01/1830,31/12/1976,ENSIVAL,Ensival,N
63023,1/01/0001,,EUPEN,Eupen,O
63024,1/01/1925,31/12/1976,EYNATTEN,Eynatten,N
63025,1/01/1925,31/12/1976,FAYMONVILLE,Faymonville,N
63026,1/01/1830,31/12/1970,FOSSE,Fosse,N
63027,1/01/1830,31/12/1976,FRANCORCHAMPS,Francorchamps,N
63028,1/01/1830,31/12/1976,GEMMENICH,Gemmenich,N
63029,1/01/1830,31/12/1976,GOE,Goé,N
63030,1/01/1830,31/12/1976,GRAND-RECHAIN,Grand-Rechain,N
63031,1/01/1925,31/12/1976,HAUSET,Hauset,N
63032,1/01/1830,31/12/1976,HENRI-CHAPELLE,Henri-Chapelle,N
63033,1/01/1925,31/12/1976,HEPPENBACH,Heppenbach,N
63034,1/01/1925,31/12/1976,HERGENRATH,Hergenrath,N
63035,1/01/0001,31/03/2014,HERVE,Herve,N
63035,1/04/2014,,HERVE,Herve,O
63036,1/01/1837,31/12/1976,HEUSY,Heusy,N
63037,1/01/1830,31/12/1976,HOMBOURG,Hombourg,N
63038,1/01/0001,31/03/2014,JALHAY,Jalhay,N
63038,1/04/2014,,JALHAY,Jalhay,O
63039,1/01/1830,31/12/1976,JULEMONT,Julémont,N
63040,1/01/0001,,LA CALAMINE,La Calamine,O
63041,1/01/1925,31/12/1976,KETTENIS,Kettenis,N
63042,1/01/1830,31/12/1976,LA GLEIZE,La Gleize,N
63043,1/01/1830,31/12/1976,LAMBERMONT,Lambermont,N
63044,1/01/1830,31/12/1976,LA REID,La Reid,N
63045,1/01/0001,31/03/2014,LIERNEUX,Lierneux,N
63045,1/04/2014,,LIERNEUX,Lierneux,O
63046,1/01/0001,31/03/2014,LIMBOURG,Limbourg,N
63046,1/04/2014,,LIMBOURG,Limbourg,O
63047,1/01/1925,31/12/1976,LOMMERSWEILER,Lommersweiler,N
63048,1/01/0001,,LONTZEN,Lontzen,O
63049,1/01/0001,31/03/2014,MALMEDY,Malmedy,N
63049,1/04/2014,,MALMEDY,Malmedy,O
63050,1/01/1925,31/12/1976,MANDERFELD,Manderfeld,N
63051,1/01/1830,31/12/1976,MEMBACH,Membach,N
63052,1/01/1925,31/12/1976,MEYERODE,Meyerode,N
63053,1/01/1830,31/12/1976,MONTZEN,Montzen,N
63054,1/01/1830,31/12/1976,MORESNET,Moresnet,N
63055,1/01/1830,31/12/1976,NEUFCHATEAU,Neufchâteau (LIEGE),N
63056,1/01/1925,31/12/1976,NEU-MORESNET,Neu-Moresnet,N
63057,1/01/0001,31/03/2014,OLNE,Olne,N
63057,1/04/2014,,OLNE,Olne,O
63058,1/01/0001,31/03/2014,PEPINSTER,Pepinster,N
63058,1/04/2014,,PEPINSTER,Pepinster,O
63059,1/01/1830,31/12/1976,PETIT-RECHAIN,Petit-Rechain,N
63060,1/01/1830,31/12/1976,POLLEUR,Polleur,N
63061,1/01/0001,,RAEREN,Raeren,O
63062,1/01/1830,31/12/1976,RAHIER,Rahier,N
63063,1/01/1925,31/12/1976,RECHT,Recht,N
63064,1/01/1925,31/12/1976,REULAND,Reuland,N
63065,1/01/1925,31/12/1976,ROBERTVILLE,Robertville,N
63066,1/01/1925,31/12/1976,ROCHERATH,Rocherath,N
63067,1/01/0001,,SAINT-VITH,Saint-Vith,O
63068,1/01/1830,31/12/1976,SART,Sart,N
63069,1/01/1925,31/12/1976,SCHOENBERG,Schoenberg,N
63070,1/01/1842,31/12/1976,SIPPENAEKEN,Sippenaeken,N
63071,1/01/1830,31/12/1976,SOIRON,Soiron,N
63072,1/01/0001,31/03/2014,SPA,Spa,N
63072,1/04/2014,,SPA,Spa,O
63073,1/01/0001,31/03/2014,STAVELOT,Stavelot,N
63073,1/04/2014,,STAVELOT,Stavelot,O
63074,1/01/1837,31/12/1976,STEMBERT,Stembert,N
63075,1/01/0001,31/03/2014,STOUMONT,Stoumont,N
63075,1/04/2014,,STOUMONT,Stoumont,O
63076,1/01/0001,31/03/2014,THEUX,Theux,N
63076,1/04/2014,,THEUX,Theux,O
63077,1/01/1830,31/12/1976,THIMISTER,Thimister,N
63078,1/01/1925,31/12/1976,THOMMEN,Thommen,N
63079,1/01/0001,31/03/2014,VERVIERS,Verviers,N
63079,1/04/2014,,VERVIERS,Verviers,O
63080,1/01/0001,31/03/2014,WAIMES,Waimes,N
63080,1/04/2014,,WAIMES,Waimes,O
63081,1/01/1925,31/12/1976,WALHORN,Walhorn,N
63082,1/01/1830,31/12/1970,WANNE,Wanne,N
63083,1/01/1830,31/12/1976,WEGNEZ,Wegnez,N
63084,1/01/0001,31/03/2014,WELKENRAEDT,Welkenraedt,N
63084,1/04/2014,,WELKENRAEDT,Welkenraedt,O
63085,1/01/1830,31/12/1976,XHENDELESSE,Xhendelesse,N
63086,1/01/0001,31/03/2014,TROIS-PONTS,Trois-Ponts,N
63086,1/04/2014,,TROIS-PONTS,Trois-Ponts,O
63087,1/01/0001,,BURG-REULAND,Burg-Reuland,O
63088,1/01/0001,31/03/2014,PLOMBIERES,Plombières,N
63088,1/04/2014,,PLOMBIERES,Plombières,O
63089,1/01/0001,31/03/2014,THIMISTER-CLERMONT,Thimister-Clermont,N
63089,1/04/2014,,THIMISTER-CLERMONT,Thimister-Clermont,O
64001,1/01/1881,31/12/1970,ABOLENS,Abolens,N
64002,1/01/1830,31/12/1976,ACOSSE,Acosse,N
64003,1/01/1830,31/12/1976,AMBRESIN,Ambresin,N
64004,1/01/1830,31/12/1976,AVENNES,Avennes,N
64005,1/01/1830,31/12/1970,AVERNAS-LE-BAUDUIN,Avernas-le-Bauduin,N
64006,1/01/1830,31/12/1976,AVIN,Avin,N
64007,1/01/1830,31/12/1964,BERGILERS,Bergilers,N
64008,1/01/0001,31/03/2014,BERLOZ,Berloz,N
64008,1/04/2014,,BERLOZ,Berloz,O
64009,1/01/1830,31/12/1970,BERTREE,Bertrée,N
64010,1/01/1830,31/12/1970,BETTINCOURT,Bettincourt,N
64011,1/01/1896,31/12/1970,BLEHEN,Blehen,N
64012,1/01/1830,31/12/1970,BLERET,Bleret,N
64013,1/01/1830,31/12/1976,BOELHE,Boëlhe,N
64014,1/01/1830,31/12/1970,BOVENISTIER,Bovenistier,N
64015,1/01/0001,31/03/2014,BRAIVES,Braives,N
64015,1/04/2014,,BRAIVES,Braives,O
64016,1/01/1830,31/12/1970,CELLES,Celles (LIEGE),N
64017,1/01/1830,31/12/1976,CIPLET,Ciplet,N
64018,1/01/1830,31/12/1976,CORSWAREM,Corswarem,N
64019,1/01/1830,31/12/1970,CRAS-AVERNAS,Cras-Avernas,N
64020,1/01/1830,31/12/1970,CREHEN,Crehen,N
64021,1/01/0001,31/03/2014,CRISNEE,Crisnée,N
64021,1/04/2014,,CRISNEE,Crisnée,O
64022,1/01/1830,31/12/1976,DARION,Darion,N
64023,1/01/0001,31/03/2014,DONCEEL,Donceel,N
64023,1/04/2014,,DONCEEL,Donceel,O
64024,1/01/1830,31/12/1976,FALLAIS,Fallais,N
64025,1/01/0001,31/03/2014,FEXHE-LE-HAUT-CLOCHER,Fexhe-le-Haut-Clocher,N
64025,1/04/2014,,FEXHE-LE-HAUT-CLOCHER,Fexhe-le-Haut-Clocher,O
64026,1/01/1830,31/12/1964,FIZE-LE-MARSAL,Fize-le-Marsal,N
64027,1/01/1830,31/12/1964,FRELOUX,Freloux,N
64028,1/01/1830,31/12/1976,FUMAL,Fumal,N
64029,1/01/0001,31/03/2014,GEER,Geer,N
64029,1/04/2014,,GEER,Geer,O
64030,1/01/1830,31/12/1970,GRAND-AXHE,Grand-Axhe,N
64031,1/01/1830,31/12/1976,GRAND-HALLET,Grand-Hallet,N
64032,1/01/1830,31/12/1964,GRANDVILLE,Grandville,N
64033,1/01/1830,31/12/1976,HANEFFE,Haneffe,N
64034,1/01/0001,31/03/2014,HANNUT,Hannut,N
64034,1/04/2014,,HANNUT,Hannut,O
64035,1/01/1830,31/12/1976,HODEIGE,Hodeige,N
64036,1/01/1830,31/12/1976,HOLLOGNE-SUR-GEER,Hollogne-sur-Geer,N
64037,1/01/1830,31/12/1976,JENEFFE,Jeneffe (LIEGE),N
64038,1/01/1830,31/12/1964,KEMEXHE,Kemexhe,N
64039,1/01/1830,31/12/1970,LAMINE,Lamine,N
64040,1/01/1830,31/12/1970,LANTREMANGE,Lantremange,N
64041,1/01/1830,31/12/1976,LATINNE,Latinne,N
64042,1/01/1830,31/12/1970,LENS-SAINT-REMY,Lens-Saint-Remy,N
64043,1/01/1830,31/12/1976,LENS-SAINT-SERVAIS,Lens-Saint-Servais,N
64044,1/01/1830,31/12/1964,LENS-SUR-GEER,Lens-sur-Geer,N
64045,1/01/1830,31/12/1976,LIGNEY,Ligney,N
64046,1/01/1830,31/12/1976,LIMONT,Limont,N
64047,1/01/0001,31/03/2014,LINCENT,Lincent,N
64047,1/04/2014,,LINCENT,Lincent,O
64048,1/01/1830,31/12/1976,MEEFFE,Meeffe,N
64049,1/01/1830,31/12/1976,MERDORP,Merdorp,N
64050,1/01/1830,31/12/1976,MOMALLE,Momalle,N
64051,1/01/1830,31/12/1976,MOXHE,Moxhe,N
64052,1/01/1830,31/12/1964,NOVILLE,Noville (LIEGE),N
64053,1/01/1830,31/12/1964,ODEUR,Odeur,N
64054,1/01/1830,31/12/1970,OLEYE,Oleye,N
64055,1/01/1830,31/12/1976,OMAL,Omal,N
64056,1/01/0001,31/03/2014,OREYE,Oreye,N
64056,1/04/2014,,OREYE,Oreye,O
64057,1/01/1830,31/12/1963,OTRANGE,Otrange,N
64058,1/01/1830,31/12/1976,PELLAINES,Pellaines,N
64059,1/01/1830,31/12/1964,PETIT-HALLET,Petit-Hallet,N
64060,1/01/1830,31/12/1970,POUCET,Poucet,N
64061,1/01/1830,31/12/1976,POUSSET,Pousset,N
64062,1/01/1830,31/12/1976,RACOUR,Racour,N
64063,1/01/0001,31/03/2014,REMICOURT,Remicourt,N
64063,1/04/2014,,REMICOURT,Remicourt,O
64064,1/01/1830,31/12/1976,ROSOUX-CRENWICK,Rosoux-Crenwick,N
64065,1/01/0001,31/03/2014,SAINT-GEORGES-SUR-MEUSE,Saint-Georges-sur-Meuse,N
64065,1/04/2014,,SAINT-GEORGES-SUR-MEUSE,Saint-Georges-sur-Meuse,O
64066,1/01/1830,31/12/1976,THISNES,Thisnes,N
64067,1/01/1830,31/12/1964,THYS,Thys,N
64068,1/01/1830,31/12/1976,TOURINNE,Tourinne,N
64069,1/01/1830,31/12/1976,TROGNEE,Trognée,N
64070,1/01/1830,31/12/1976,VIEMME,Viemme,N
64071,1/01/1830,31/12/1976,VILLE-EN-HESBAYE,Ville-en-Hesbaye,N
64072,1/01/1830,31/12/1970,VILLERS-LE-PEUPLIER,Villers-le-Peuplier,N
64073,1/01/1830,31/12/1963,WANSIN,Wansin,N
64074,1/01/0001,31/03/2014,WAREMME,Waremme,N
64074,1/04/2014,,WAREMME,Waremme,O
64075,1/01/0001,31/03/2014,WASSEIGES,Wasseiges,N
64075,1/04/2014,,WASSEIGES,Wasseiges,O
64076,1/01/0001,31/03/2014,FAIMES,Faimes,N
64076,1/04/2014,,FAIMES,Faimes,O
71001,1/01/1830,31/12/1970,AALST,Aalst (LIMBURG),N
71002,1/01/0001,31/03/2014,AS,As,N
71002,1/04/2014,,AS,As,O
71003,1/01/1830,31/12/1970,BERBROEK,Berbroek,N
71004,1/01/0001,31/03/2014,BERINGEN,Beringen,N
71004,1/04/2014,,BERINGEN,Beringen,O
71005,1/01/1830,31/12/1976,BEVERLO,Beverlo,N
71006,1/01/1830,31/12/1970,BINDERVELD,Binderveld,N
71007,1/01/1830,31/12/1970,BOEKHOUT,Boekhout,N
71008,1/01/1830,31/12/1976,BORLO,Borlo,N
71009,1/01/1830,31/12/1976,BRUSTEM,Brustem,N
71010,1/01/1830,31/12/1970,BUVINGEN,Buvingen,N
71011,1/01/0001,31/03/2014,DIEPENBEEK,Diepenbeek,N
71011,1/04/2014,,DIEPENBEEK,Diepenbeek,O
71012,1/01/1830,31/12/1970,DONK,Donk,N
71013,1/01/1830,31/12/1976,DURAS,Duras,N
71014,1/01/1830,31/12/1970,ENGELMANSHOVEN,Engelmanshoven,N
71015,1/01/1830,31/12/1970,GELINDEN,Gelinden,N
71016,1/01/0001,31/03/2014,GENK,Genk,N
71016,1/04/2014,,GENK,Genk,O
71017,1/01/0001,31/03/2014,GINGELOM,Gingelom,N
71017,1/04/2014,,GINGELOM,Gingelom,O
71018,1/01/1830,31/12/1970,GORSEM,Gorsem,N
71019,1/01/1830,31/12/1970,GROOT-GELMEN,Groot-Gelmen,N
71020,1/01/0001,31/03/2014,HALEN,Halen,N
71020,1/04/2014,,HALEN,Halen,O
71021,1/01/1830,31/12/1970,HALMAAL,Halmaal,N
71022,1/01/0001,31/03/2014,HASSELT,Hasselt,N
71022,1/04/2014,,HASSELT,Hasselt,O
71023,1/01/1850,31/12/1976,HEPPEN,Heppen,N
71024,1/01/0001,31/03/2014,HERK-DE-STAD,Herk-de-Stad,N
71024,1/04/2014,,HERK-DE-STAD,Herk-de-Stad,O
71025,1/01/1830,31/12/1976,HEUSDEN,Heusden (LIMBURG),N
71026,1/01/1830,31/12/1976,JEUK,Jeuk,N
71027,1/01/1830,31/12/1970,KERKOM-BIJ-SINT-TRUIDEN,Kerkom-bij-Sint-Truiden,N
71028,1/01/1830,31/12/1976,KERMT,Kermt,N
71029,1/01/1830,31/12/1976,KOERSEL,Koersel,N
71030,1/01/1830,31/12/1970,KORTIJS,Kortijs,N
71031,1/01/1830,31/12/1976,KOZEN,Kozen,N
71032,1/01/1830,31/12/1976,KURINGEN,Kuringen,N
71033,1/01/1830,31/12/1976,KWAADMECHELEN,Kwaadmechelen,N
71034,1/01/0001,31/03/2014,LEOPOLDSBURG,Leopoldsburg,N
71034,1/04/2014,,LEOPOLDSBURG,Leopoldsburg,O
71035,1/01/1830,31/12/1976,LINKHOUT,Linkhout,N
71036,1/01/1866,31/12/1964,LOKSBERGEN,Loksbergen,N
71037,1/01/0001,31/03/2014,LUMMEN,Lummen,N
71037,1/04/2014,,LUMMEN,Lummen,O
71038,1/01/1830,31/12/1976,MELDERT,Meldert (LIMBURG),N
71039,1/01/1830,31/12/1970,MIELEN-BOVEN-AALST,Mielen-boven-Aalst,N
71040,1/01/1830,31/12/1976,MONTENAKEN,Montenaken,N
71041,1/01/1830,31/12/1970,MUIZEN,Muizen (LIMBURG),N
71042,1/01/1830,31/12/1970,NEERGLABBEEK,Neerglabbeek,N
71043,1/01/1830,31/12/1970,NIEL-BIJ-AS,Niel-bij-As,N
71044,1/01/1830,31/12/1970,NIEL-BIJ-SINT-TRUIDEN,Niel-bij-Sint-Truiden,N
71045,1/01/0001,31/03/2014,NIEUWERKERKEN,Nieuwerkerken (LIMBURG),N
71045,1/04/2014,,NIEUWERKERKEN,Nieuwerkerken (LIMBURG),O
71046,1/01/1830,31/12/1976,OOSTHAM,Oostham,N
71047,1/01/0001,31/03/2014,OPGLABBEEK,Opglabbeek,N
71047,1/04/2014,31/12/2018,OPGLABBEEK,Opglabbeek,N
71048,1/01/1830,31/12/1970,ORDINGEN,Ordingen,N
71049,1/01/1830,31/12/1976,PAAL,Paal,N
71050,1/01/1830,31/12/1970,RUNKELEN,Runkelen,N
71051,1/01/1830,31/12/1976,SCHULEN,Schulen,N
71052,1/01/1830,31/12/1976,SINT-LAMBRECHTS-HERK,Sint-Lambrechts-Herk,N
71053,1/01/0001,31/03/2014,SINT-TRUIDEN,Sint-Truiden,N
71053,1/04/2014,,SINT-TRUIDEN,Sint-Truiden,O
71054,1/01/1830,31/12/1970,SPALBEEK,Spalbeek,N
71055,1/01/1830,31/12/1976,STEVOORT,Stevoort,N
71056,1/01/1846,31/12/1970,STOKROOIE,Stokrooie,N
71057,1/01/0001,31/03/2014,TESSENDERLO,Tessenderlo,N
71057,1/04/2014,,TESSENDERLO,Tessenderlo,O
71058,1/01/1830,31/12/1976,VELM,Velm,N
71059,1/01/1830,31/12/1970,VORSEN,Vorsen,N
71060,1/01/1830,31/12/1970,WIJER,Wijer,N
71061,1/01/1830,31/12/1970,WILDEREN,Wilderen,N
71062,1/01/1830,31/12/1976,WIMMERTINGEN,Wimmertingen,N
71063,1/01/1830,31/12/1976,ZELEM,Zelem,N
71064,1/01/1830,31/12/1976,ZEPPEREN,Zepperen,N
71065,1/01/1830,31/12/1976,ZOLDER,Zolder,N
71066,1/01/0001,31/03/2014,ZONHOVEN,Zonhoven,N
71066,1/04/2014,,ZONHOVEN,Zonhoven,O
71067,1/01/0001,31/03/2014,ZUTENDAAL,Zutendaal,N
71067,1/04/2014,,ZUTENDAAL,Zutendaal,O
71069,1/01/0001,31/03/2014,HAM,Ham,N
71069,1/04/2014,,HAM,Ham,O
71070,1/01/0001,31/03/2014,HEUSDEN-ZOLDER,Heusden-Zolder,N
71070,1/04/2014,,HEUSDEN-ZOLDER,Heusden-Zolder,O
72001,1/01/1830,31/12/1976,ACHEL,Achel,N
72002,1/01/1830,31/12/1964,BEEK,Beek,N
72003,1/01/0001,31/03/2014,BOCHOLT,Bocholt,N
72003,1/04/2014,,BOCHOLT,Bocholt,O
72004,1/01/0001,31/03/2014,BREE,Bree,N
72004,1/04/2014,,BREE,Bree,O
72005,1/01/1830,31/12/1986,DILSEN,Dilsen,N
72006,1/01/1830,31/12/1976,EKSEL,Eksel,N
72007,1/01/1830,31/12/1970,ELEN,Elen,N
72008,1/01/1830,31/12/1970,ELLIKOM,Ellikom,N
72009,1/01/1830,31/12/1964,GERDINGEN,Gerdingen,N
72010,1/01/1830,31/12/1976,GROTE-BROGEL,Grote-Brogel,N
72011,1/01/1830,31/12/1976,GRUITRODE,Gruitrode,N
72012,1/01/1830,31/12/1976,HAMONT,Hamont,N
72013,1/01/1830,31/12/1976,HECHTEL,Hechtel,N
72014,1/01/1830,31/12/1976,HELCHTEREN,Helchteren,N
72015,1/01/1830,31/12/1976,HOUTHALEN,Houthalen,N
72016,1/01/1830,31/12/1976,KAULILLE,Kaulille,N
72017,1/01/1830,31/12/1970,KESSENICH,Kessenich,N
72018,1/01/0001,31/03/2014,KINROOI,Kinrooi,N
72018,1/04/2014,,KINROOI,Kinrooi,O
72019,1/01/1830,31/12/1970,KLEINE-BROGEL,Kleine-Brogel,N
72020,1/01/0001,31/03/2014,LOMMEL,Lommel,N
72020,1/04/2014,,LOMMEL,Lommel,O
72021,1/01/0001,31/03/2014,MAASEIK,Maaseik,N
72021,1/04/2014,,MAASEIK,Maaseik,O
72022,1/01/1830,31/12/1976,MEEUWEN,Meeuwen,N
72023,1/01/1845,31/12/1970,MOLENBEERSEL,Molenbeersel,N
72024,1/01/1830,31/12/1976,NEEROETEREN,Neeroeteren,N
72025,1/01/0001,31/03/2014,NEERPELT,Neerpelt,N
72025,1/04/2014,31/12/2018,NEERPELT,Neerpelt,N
72026,1/01/1830,31/12/1970,OPHOVEN,Ophoven,N
72027,1/01/1830,31/12/1976,OPITTER,Opitter,N
72028,1/01/1830,31/12/1976,OPOETEREN,Opoeteren,N
72029,1/01/0001,31/03/2014,OVERPELT,Overpelt,N
72029,1/04/2014,31/12/2018,OVERPELT,Overpelt,N
72030,1/01/0001,31/03/2014,PEER,Peer,N
72030,1/04/2014,,PEER,Peer,O
72031,1/01/1830,31/12/1970,REPPEL,Reppel,N
72032,1/01/1830,31/12/1970,ROTEM,Rotem,N
72033,1/01/1830,31/12/1976,SINT-HUIBRECHTS-LILLE,Sint-Huibrechts-Lille,N
72034,1/01/1830,31/12/1970,TONGERLO,Tongerlo (LIMBURG),N
72035,1/01/1830,31/12/1976,WIJCHMAAL,Wijchmaal,N
72036,1/01/1830,31/12/1970,WIJSHAGEN,Wijshagen,N
72037,1/01/0001,31/03/2014,HAMONT-ACHEL,Hamont-Achel,N
72037,1/04/2014,,HAMONT-ACHEL,Hamont-Achel,O
72038,1/01/0001,31/03/2014,HECHTEL-EKSEL,Hechtel-Eksel,N
72038,1/04/2014,,HECHTEL-EKSEL,Hechtel-Eksel,O
72039,1/01/0001,31/03/2014,HOUTHALEN-HELCHTEREN,Houthalen-Helchteren,N
72039,1/04/2014,,HOUTHALEN-HELCHTEREN,Houthalen-Helchteren,O
72040,1/01/0001,31/03/2014,MEEUWEN-GRUITRODE,Meeuwen-Gruitrode,N
72040,1/04/2014,31/12/2018,MEEUWEN-GRUITRODE,Meeuwen-Gruitrode,N
72041,1/01/0001,31/03/2014,DILSEN-STOKKEM,Dilsen-Stokkem,N
72041,1/04/2014,,DILSEN-STOKKEM,Dilsen-Stokkem,O
72042,1/01/2019,,OUDSBERGEN,Oudsbergen,O
72043,1/01/2019,,PELT,Pelt,O
73001,1/01/0001,31/03/2014,ALKEN,Alken,N
73001,1/04/2014,,ALKEN,Alken,O
73002,1/01/1830,31/12/1970,BATSHEERS,Batsheers,N
73003,1/01/1830,31/12/1971,BERG,Berg (LIMBURG),N
73004,1/01/1830,31/12/1976,BERLINGEN,Berlingen,N
73005,1/01/1830,31/12/1976,BEVERST,Beverst,N
73006,1/01/0001,31/03/2014,BILZEN,Bilzen,N
73006,1/04/2014,,BILZEN,Bilzen,O
73007,1/01/1830,31/12/1970,BOMMERSHOVEN,Bommershoven,N
73008,1/01/1830,31/12/1976,BOORSEM,Boorsem,N
73009,1/01/0001,31/03/2014,BORGLOON,Borgloon,N
73009,1/04/2014,,BORGLOON,Borgloon,O
73010,1/01/1830,31/12/1976,BROEKOM,Broekom,N
73011,1/01/1830,31/12/1970,DIETS-HEUR,Diets-Heur,N
73012,1/01/1830,31/12/1976,EIGENBILZEN,Eigenbilzen,N
73013,1/01/1830,31/12/1970,EISDEN,Eisden,N
73014,1/01/1830,31/12/1976,GELLIK,Gellik,N
73015,1/01/1830,31/12/1970,GENOELSELDEREN,Genoelselderen,N
73016,1/01/1830,31/12/1976,GORS-OPLEEUW,Gors-Opleeuw,N
73017,1/01/1830,31/12/1976,GOTEM,Gotem,N
73018,1/01/1830,31/12/1976,GROOT-LOON,Groot-Loon,N
73019,1/01/1830,31/12/1970,GROTE-SPOUWEN,Grote-Spouwen,N
73020,1/01/1830,31/12/1976,GUIGOVEN,Guigoven,N
73021,1/01/1830,31/12/1970,GUTSCHOVEN,Gutschoven,N
73022,1/01/0001,31/03/2014,HEERS,Heers,N
73022,1/04/2014,,HEERS,Heers,O
73023,1/01/1830,31/12/1970,HEES,Hees,N
73024,1/01/1830,31/12/1976,HEKS,Heks,N
73025,1/01/1830,31/12/1976,HENDRIEKEN,Hendrieken,N
73026,1/01/1830,31/12/1971,HENIS,Henis,N
73027,1/01/1830,31/12/1976,HERDEREN,Herderen,N
73028,1/01/0001,31/03/2014,HERSTAPPE,Herstappe,N
73028,1/04/2014,,HERSTAPPE,Herstappe,O
73029,1/01/1830,31/12/1976,HERTEN,Herten,N
73030,1/01/1830,31/12/1976,HOELBEEK,Hoelbeek,N
73031,1/01/1830,31/12/1976,HOEPERTINGEN,Hoepertingen,N
73032,1/01/0001,31/03/2014,HOESELT,Hoeselt,N
73032,1/04/2014,,HOESELT,Hoeselt,O
73033,1/01/1830,31/12/1970,HORPMAAL,Horpmaal,N
73034,1/01/1830,31/12/1970,JESSEREN,Jesseren,N
73035,1/01/1830,31/12/1976,KANNE,Kanne,N
73036,1/01/1830,31/12/1976,KERNIEL,Kerniel,N
73037,1/01/1830,31/12/1970,KLEINE-SPOUWEN,Kleine-Spouwen,N
73038,1/01/1830,31/12/1970,KLEIN-GELMEN,Klein-Gelmen,N
73039,1/01/1830,31/12/1971,KONINKSEM,Koninksem,N
73040,1/01/0001,31/03/2014,KORTESSEM,Kortessem,N
73040,1/04/2014,,KORTESSEM,Kortessem,O
73041,1/01/1830,31/12/1976,KUTTEKOVEN,Kuttekoven,N
73042,1/01/0001,31/03/2014,LANAKEN,Lanaken,N
73042,1/04/2014,,LANAKEN,Lanaken,O
73043,1/01/1830,31/12/1970,LANKLAAR,Lanklaar,N
73044,1/01/1830,31/12/1976,LAUW,Lauw,N
73045,1/01/1830,31/12/1976,LEUT,Leut,N
73046,1/01/1830,31/12/1976,MAL,Mal,N
73047,1/01/1830,31/12/1976,MARTENSLINDE,Martenslinde,N
73048,1/01/1830,31/12/1970,MECHELEN-AAN-DE-MAAS,Mechelen-aan-de-Maas,N
73049,1/01/1830,31/12/1970,MECHELEN-BOVELINGEN,Mechelen-Bovelingen,N
73050,1/01/1830,31/12/1970,MEESWIJK,Meeswijk,N
73051,1/01/1830,31/12/1970,MEMBRUGGEN,Membruggen,N
73052,1/01/1830,31/12/1970,METTEKOVEN,Mettekoven,N
73053,1/01/1830,31/12/1976,MILLEN,Millen,N
73054,1/01/1830,31/12/1976,MOELINGEN,Moelingen,N
73055,1/01/1830,31/12/1976,MOPERTINGEN,Mopertingen,N
73056,1/01/1830,31/12/1976,MUNSTERBILZEN,Munsterbilzen,N
73057,1/01/1830,31/12/1976,NEERHAREN,Neerharen,N
73058,1/01/1830,31/12/1971,NEERREPEN,Neerrepen,N
73059,1/01/1830,31/12/1976,NEREM,Nerem,N
73060,1/01/1830,31/12/1970,OPGRIMBIE,Opgrimbie,N
73061,1/01/1830,31/12/1970,OPHEERS,Opheers,N
73062,1/01/1830,31/12/1970,OVERREPEN,Overrepen,N
73063,1/01/1830,31/12/1970,PIRINGEN,Piringen,N
73064,1/01/1830,31/12/1976,REKEM,Rekem,N
73065,1/01/1852,31/12/1976,REMERSDAAL,Remersdaal,N
73066,1/01/0001,31/03/2014,RIEMST,Riemst,N
73066,1/04/2014,,RIEMST,Riemst,O
73067,1/01/1830,31/12/1976,RIJKEL,Rijkel,N
73068,1/01/1870,31/12/1970,RIJKHOVEN,Rijkhoven,N
73069,1/01/1830,31/12/1971,RIKSINGEN,Riksingen,N
73070,1/01/1830,31/12/1970,ROMERSHOVEN,Romershoven,N
73071,1/01/1830,31/12/1970,ROSMEER,Rosmeer,N
73072,1/01/1830,31/12/1970,RUKKELINGEN-LOON,Rukkelingen-Loon,N
73073,1/01/1830,31/12/1976,RUTTEN,Rutten,N
73074,1/01/1830,31/12/1976,SCHALKHOVEN,Schalkhoven,N
73075,1/01/1830,31/12/1976,'S GRAVENVOEREN,'s Gravenvoeren,N
73076,1/01/1830,31/12/1970,'S HERENELDEREN,'s Herenelderen,N
73077,1/01/1830,31/12/1976,SINT-HUIBRECHTS-HERN,Sint-Huibrechts-Hern,N
73078,1/01/1830,31/12/1976,SINT-MARTENS-VOEREN,Sint-Martens-Voeren,N
73079,1/01/1830,31/12/1976,SINT-PIETERS-VOEREN,Sint-Pieters-Voeren,N
73080,1/01/1830,31/12/1976,SLUIZEN,Sluizen,N
73081,1/01/1830,31/12/1970,STOKKEM,Stokkem,N
73082,1/01/1830,31/12/1976,TEUVEN,Teuven,N
73083,1/01/0001,31/03/2014,TONGEREN,Tongeren,N
73083,1/04/2014,,TONGEREN,Tongeren,O
73084,1/01/1830,31/12/1976,UIKHOVEN,Uikhoven,N
73085,1/01/1830,31/12/1976,ULBEEK,Ulbeek,N
73086,1/01/1830,31/12/1976,VAL-MEER,Val-Meer,N
73087,1/01/1830,31/12/1970,VECHMAAL,Vechmaal,N
73088,1/01/1830,31/12/1976,VELDWEZELT,Veldwezelt,N
73089,1/01/1830,31/12/1970,VEULEN,Veulen,N
73090,1/01/1830,31/12/1976,VLIERMAAL,Vliermaal,N
73091,1/01/1865,31/12/1976,VLIERMAALROOT,Vliermaalroot,N
73092,1/01/1830,31/12/1976,VLIJTINGEN,Vlijtingen,N
73093,1/01/1830,31/12/1976,VOORT,Voort,N
73094,1/01/1830,31/12/1976,VREREN,Vreren,N
73095,1/01/1830,31/12/1976,VROENHOVEN,Vroenhoven,N
73096,1/01/1830,31/12/1970,VUCHT,Vucht,N
73097,1/01/1830,31/12/1976,WALTWILDER,Waltwilder,N
73098,1/01/0001,31/03/2014,WELLEN,Wellen,N
73098,1/04/2014,,WELLEN,Wellen,O
73099,1/01/1830,31/12/1970,WERM,Werm,N
73100,1/01/1830,31/12/1970,WIDOOIE,Widooie,N
73101,1/01/1830,31/12/1976,WINTERSHOVEN,Wintershoven,N
73102,1/01/1830,31/12/1976,ZICHEN-ZUSSEN-BOLDER,Zichen-Zussen-Bolder,N
73107,1/01/0001,31/03/2014,MAASMECHELEN,Maasmechelen,N
73107,1/04/2014,,MAASMECHELEN,Maasmechelen,O
73109,1/01/0001,31/03/2014,FOURONS,Fourons,N
73109,1/04/2014,,FOURONS,Fourons,O
81001,1/01/0001,31/03/2014,ARLON,Arlon,N
81001,1/04/2014,,ARLON,Arlon,O
81002,1/01/1878,31/12/1976,ATHUS,Athus,N
81003,1/01/0001,31/03/2014,ATTERT,Attert,N
81003,1/04/2014,,ATTERT,Attert,O
81004,1/01/0001,31/03/2014,AUBANGE,Aubange,N
81004,1/04/2014,,AUBANGE,Aubange,O
81005,1/01/1830,31/12/1976,AUTELBAS,Autelbas,N
81006,1/01/1830,31/12/1976,BONNERT,Bonnert,N
81007,1/01/1830,31/12/1976,GUIRSCH,Guirsch,N
81008,1/01/1830,31/12/1976,HABERGY,Habergy,N
81009,1/01/1830,31/12/1976,HACHY,Hachy,N
81010,1/01/1830,31/12/1976,HALANZY,Halanzy,N
81011,1/01/1830,31/12/1976,HEINSCH,Heinsch,N
81012,1/01/1830,31/12/1976,HONDELANGE,Hondelange,N
81013,1/01/0001,31/03/2014,MARTELANGE,Martelange,N
81013,1/04/2014,,MARTELANGE,Martelange,O
81014,1/01/1863,31/12/1976,MEIX-LE-TIGE,Meix-le-Tige,N
81015,1/01/0001,31/03/2014,MESSANCY,Messancy,N
81015,1/04/2014,,MESSANCY,Messancy,O
81016,1/01/1830,31/12/1976,NOBRESSART,Nobressart,N
81017,1/01/1923,31/12/1976,NOTHOMB,Nothomb,N
81018,1/01/1830,31/12/1976,RACHECOURT,Rachecourt,N
81019,1/01/1876,31/12/1976,SELANGE,Sélange,N
81020,1/01/1830,31/12/1976,THIAUMONT,Thiaumont,N
81021,1/01/1830,31/12/1976,TOERNICH,Toernich,N
81022,1/01/1865,31/12/1976,TONTELANGE,Tontelange,N
81023,1/01/1922,31/12/1976,WOLKRANGE,Wolkrange,N
82001,1/01/1830,31/12/1976,AMBERLOUP,Amberloup,N
82002,1/01/1830,31/12/1976,ARBREFONTAINE,Arbrefontaine,N
82003,1/01/0001,31/03/2014,BASTOGNE,Bastogne,N
82003,1/04/2014,,BASTOGNE,Bastogne,O
82004,1/01/1830,31/12/1976,BEHO,Beho,N
82005,1/01/0001,31/03/2014,BERTOGNE,Bertogne,N
82005,1/04/2014,,BERTOGNE,Bertogne,O
82006,1/01/1830,31/12/1976,BIHAIN,Bihain,N
82007,1/01/1830,31/12/1976,BOVIGNY,Bovigny,N
82008,1/01/1830,31/12/1976,CHERAIN,Cherain,N
82009,1/01/0001,31/03/2014,FAUVILLERS,Fauvillers,N
82009,1/04/2014,,FAUVILLERS,Fauvillers,O
82010,1/01/1830,31/12/1976,FLAMIERGE,Flamierge,N
82011,1/01/1830,31/12/1976,GRAND-HALLEUX,Grand-Halleux,N
82012,1/01/1830,31/12/1976,HOLLANGE,Hollange,N
82013,1/01/1830,31/12/1976,HOMPRE,Hompré,N
82014,1/01/0001,31/03/2014,HOUFFALIZE,Houffalize,N
82014,1/04/2014,,HOUFFALIZE,Houffalize,O
82015,1/01/1830,31/12/1976,LIMERLE,Limerlé,N
82016,1/01/1830,31/12/1976,LONGCHAMPS,Longchamps (LUXEMBOURG),N
82017,1/01/1830,31/12/1976,LONGVILLY,Longvilly,N
82018,1/01/1830,31/12/1976,MABOMPRE,Mabompré,N
82019,1/01/1830,31/12/1976,MONT,Mont (LUXEMBOURG),N
82020,1/01/1830,31/12/1976,MONTLEBAN,Montleban,N
82021,1/01/1830,31/12/1970,MORHET,Morhet,N
82022,1/01/1903,31/12/1976,NADRIN,Nadrin,N
82023,1/01/1830,31/12/1970,NIVES,Nives,N
82024,1/01/1830,31/12/1976,NOVILLE,Noville (LUXEMBOURG),N
82025,1/01/1847,31/12/1976,PETIT-THIER,Petit-Thier,N
82026,1/01/1830,31/12/1976,SIBRET,Sibret,N
82027,1/01/1830,31/12/1976,TAILLES,Tailles,N
82028,1/01/1830,31/12/1976,TAVIGNY,Tavigny,N
82029,1/01/1830,31/12/1976,TILLET,Tillet,N
82030,1/01/1830,31/12/1976,TINTANGE,Tintange,N
82031,1/01/1906,31/12/1970,VAUX-LEZ-ROSIERES,Vaux-lez-Rosières,N
82032,1/01/0001,31/03/2014,VIELSALM,Vielsalm,N
82032,1/04/2014,,VIELSALM,Vielsalm,O
82033,1/01/1830,31/12/1976,VILLERS-LA-BONNE-EAU,Villers-la-Bonne-Eau,N
82034,1/01/1830,31/12/1976,WARDIN,Wardin,N
82035,1/01/1830,31/12/1976,WIBRIN,Wibrin,N
82036,1/01/0001,31/03/2014,VAUX-SUR-SURE,Vaux-sur-Sûre,N
82036,1/04/2014,,VAUX-SUR-SURE,Vaux-sur-Sûre,O
82037,1/01/0001,31/03/2014,GOUVY,Gouvy,N
82037,1/04/2014,,GOUVY,Gouvy,O
82038,1/01/0001,31/03/2014,SAINTE-ODE,Sainte-Ode,N
82038,1/04/2014,,SAINTE-ODE,Sainte-Ode,O
83001,1/01/1830,31/12/1976,AMONINES,Amonines,N
83002,1/01/1830,31/12/1976,AYE,Aye,N
83003,1/01/1830,31/12/1976,BANDE,Bande,N
83004,1/01/1830,31/12/1976,BARVAUX,Barvaux,N
83005,1/01/1830,31/12/1976,BEAUSAINT,Beausaint,N
83006,1/01/1830,31/12/1976,BEFFE,Beffe,N
83007,1/01/1830,31/12/1976,BENDE,Bende,N
83008,1/01/1830,31/12/1976,BOMAL,Bomal (LUXEMBOURG),N
83009,1/01/1830,31/12/1976,BORLON,Borlon,N
83010,1/01/1830,31/12/1976,CHAMPLON,Champlon,N
83011,1/01/1830,31/12/1976,DOCHAMPS,Dochamps,N
83012,1/01/0001,31/03/2014,DURBUY,Durbuy,N
83012,1/04/2014,,DURBUY,Durbuy,O
83013,1/01/0001,31/03/2014,EREZEE,Erezée,N
83013,1/04/2014,,EREZEE,Erezée,O
83014,1/01/1830,31/12/1976,ERNEUVILLE,Erneuville,N
83015,1/01/1830,31/12/1976,FORRIERES,Forrières,N
83016,1/01/1830,31/12/1976,GRANDHAN,Grandhan,N
83017,1/01/1830,31/12/1976,GRANDMENIL,Grandmenil,N
83018,1/01/1830,31/12/1976,GRUNE,Grune,N
83019,1/01/1858,31/12/1976,GRUPONT,Grupont,N
83020,1/01/1830,31/12/1976,HALLEUX,Halleux,N
83021,1/01/1830,31/12/1976,HAMPTEAU,Hampteau,N
83022,1/01/1830,31/12/1976,HARGIMONT,Hargimont,N
83023,1/01/1830,31/12/1976,HARRE,Harre,N
83024,1/01/1830,31/12/1976,HARSIN,Harsin,N
83025,1/01/1830,31/12/1976,HEYD,Heyd,N
83026,1/01/1830,31/12/1976,HIVES,Hives,N
83027,1/01/1830,31/12/1976,HODISTER,Hodister,N
83028,1/01/0001,31/03/2014,HOTTON,Hotton,N
83028,1/04/2014,,HOTTON,Hotton,O
83029,1/01/1830,31/12/1976,HUMAIN,Humain,N
83030,1/01/1830,31/12/1976,IZIER,Izier,N
83031,1/01/0001,31/03/2014,LA ROCHE-EN-ARDENNE,La Roche-en-Ardenne,N
83031,1/04/2014,,LA ROCHE-EN-ARDENNE,La Roche-en-Ardenne,O
83032,1/01/1907,31/12/1976,LESTERNY,Lesterny,N
83033,1/01/1830,31/12/1976,MALEMPRE,Malempré,N
83034,1/01/0001,31/03/2014,MARCHE-EN-FAMENNE,Marche-en-Famenne,N
83034,1/04/2014,,MARCHE-EN-FAMENNE,Marche-en-Famenne,O
83035,1/01/1830,31/12/1976,MARCOURT,Marcourt,N
83036,1/01/1830,31/12/1976,MARENNE,Marenne,N
83037,1/01/1830,31/12/1976,MASBOURG,Masbourg,N
83038,1/01/1830,31/12/1976,MORMONT,Mormont,N
83039,1/01/1830,31/12/1976,MY,My,N
83040,1/01/0001,31/03/2014,NASSOGNE,Nassogne,N
83040,1/04/2014,,NASSOGNE,Nassogne,O
83041,1/01/1830,31/12/1976,ODEIGNE,Odeigne,N
83042,1/01/1830,31/12/1976,ON,On,N
83043,1/01/1830,31/12/1976,ORTHO,Ortho,N
83044,1/01/0001,31/03/2014,RENDEUX,Rendeux,N
83044,1/04/2014,,RENDEUX,Rendeux,O
83045,1/01/1830,31/12/1976,ROY,Roy,N
83046,1/01/1830,31/12/1976,SAMREE,Samrée,N
83047,1/01/1900,31/12/1976,SEPTON,Septon,N
83048,1/01/1830,31/12/1976,SOY,Soy,N
83049,1/01/0001,31/03/2014,TENNEVILLE,Tenneville,N
83049,1/04/2014,,TENNEVILLE,Tenneville,O
83050,1/01/1830,31/12/1976,TOHOGNE,Tohogne,N
83051,1/01/1830,31/12/1976,VAUX-CHAVANNE,Vaux-Chavanne,N
83052,1/01/1830,31/12/1976,VILLERS-SAINTE-GERTRUDE,Villers-Sainte-Gertrude,N
83053,1/01/1830,31/12/1976,WAHA,Waha,N
83054,1/01/1830,31/12/1976,WERIS,Wéris,N
83055,1/01/0001,31/03/2014,MANHAY,Manhay,N
83055,1/04/2014,,MANHAY,Manhay,O
84001,1/01/1830,31/12/1976,ANLIER,Anlier,N
84002,1/01/1830,31/12/1976,ANLOY,Anloy,N
84003,1/01/1830,31/12/1976,ARVILLE,Arville,N
84004,1/01/1830,31/12/1976,ASSENOIS,Assenois,N
84005,1/01/1899,31/12/1976,AUBY-SUR-SEMOIS,Auby-sur-Semois,N
84006,1/01/1830,31/12/1976,AWENNE,Awenne,N
84007,1/01/1859,31/12/1964,BAGIMONT,Bagimont,N
84008,1/01/1897,31/12/1976,BELLEVAUX,Bellevaux,N
84009,1/01/0001,31/03/2014,BERTRIX,Bertrix,N
84009,1/04/2014,,BERTRIX,Bertrix,O
84010,1/01/0001,31/03/2014,BOUILLON,Bouillon,N
84010,1/04/2014,,BOUILLON,Bouillon,O
84011,1/01/1830,31/12/1976,BRAS,Bras,N
84012,1/01/1900,31/12/1976,CARLSBOURG,Carlsbourg,N
84013,1/01/1830,31/12/1976,CHANLY,Chanly,N
84014,1/01/1830,31/12/1976,CORBION,Corbion,N
84015,1/01/1830,31/12/1976,CUGNON,Cugnon,N
84016,1/01/0001,31/03/2014,DAVERDISSE,Daverdisse,N
84016,1/04/2014,,DAVERDISSE,Daverdisse,O
84017,1/01/1858,31/12/1976,DOHAN,Dohan,N
84018,1/01/1893,31/12/1976,EBLY,Ebly,N
84019,1/01/1830,31/12/1976,FAYS-LES-VENEURS,Fays-les-Veneurs,N
84020,1/01/1862,31/12/1976,FRAMONT,Framont,N
84021,1/01/1830,31/12/1976,FREUX,Freux,N
84022,1/01/1837,31/12/1976,GEMBES,Gembes,N
84023,1/01/1903,31/12/1976,GRANDVOIR,Grandvoir,N
84024,1/01/1837,31/12/1976,GRAPFONTAINE,Grapfontaine,N
84025,1/01/1899,31/12/1976,HALMA,Halma,N
84026,1/01/1862,31/12/1976,HAMIPRE,Hamipré,N
84027,1/01/1830,31/12/1976,HATRIVAL,Hatrival,N
84028,1/01/1830,31/12/1976,HAUT-FAYS,Haut-Fays,N
84029,1/01/0001,31/03/2014,HERBEUMONT,Herbeumont,N
84029,1/04/2014,,HERBEUMONT,Herbeumont,O
84030,1/01/1830,31/12/1976,JEHONVILLE,Jehonville,N
84031,1/01/1830,31/12/1976,JUSERET,Juseret,N
84032,1/01/1830,31/12/1976,LAVACHERIE,Lavacherie,N
84033,1/01/0001,31/03/2014,LEGLISE,Léglise,N
84033,1/04/2014,,LEGLISE,Léglise,O
84034,1/01/1906,31/12/1976,LES HAYONS,Les Hayons,N
84035,1/01/0001,31/03/2014,LIBIN,Libin,N
84035,1/04/2014,,LIBIN,Libin,O
84036,1/01/1899,31/12/1976,LIBRAMONT,Libramont,N
84037,1/01/1830,31/12/1976,LOMPREZ,Lomprez,N
84038,1/01/1830,31/12/1976,LONGLIER,Longlier,N
84039,1/01/1895,31/12/1976,MAISSIN,Maissin,N
84040,1/01/1830,31/12/1976,MELLIER,Mellier,N
84041,1/01/1877,31/12/1976,MIRWART,Mirwart,N
84042,1/01/1830,31/12/1976,MOIRCY,Moircy,N
84043,1/01/0001,31/03/2014,NEUFCHATEAU,Neufchâteau (LUXEMBOURG),N
84043,1/04/2014,,NEUFCHATEAU,Neufchâteau (LUXEMBOURG),O
84044,1/01/1830,31/12/1976,NOIREFONTAINE,Noirefontaine,N
84045,1/01/1893,31/12/1976,NOLLEVAUX,Nollevaux,N
84046,1/01/1830,31/12/1976,OCHAMPS,Ochamps,N
84047,1/01/1830,31/12/1976,OFFAGNE,Offagne,N
84048,1/01/1830,31/12/1976,OPONT,Opont,N
84049,1/01/1830,31/12/1976,ORGEO,Orgeo,N
84050,1/01/0001,31/03/2014,PALISEUL,Paliseul,N
84050,1/04/2014,,PALISEUL,Paliseul,O
84051,1/01/1830,31/12/1976,PORCHERESSE,Porcheresse (LUXEMBOURG),N
84052,1/01/1877,31/12/1976,POUPEHAN,Poupehan,N
84053,1/01/1859,31/12/1964,PUSSEMANGE,Pussemange,N
84054,1/01/1830,31/12/1976,RECOGNE,Recogne,N
84055,1/01/1830,31/12/1976,REDU,Redu,N
84056,1/01/1830,31/12/1976,REMAGNE,Remagne,N
84057,1/01/1858,31/12/1976,ROCHEHAUT,Rochehaut,N
84058,1/01/1830,31/12/1976,SAINTE-MARIE-CHEVIGNY,Sainte-Marie-Chevigny,N
84059,1/01/0001,31/03/2014,SAINT-HUBERT,Saint-Hubert,N
84059,1/04/2014,,SAINT-HUBERT,Saint-Hubert,O
84060,1/01/1830,31/12/1976,SAINT-MEDARD,Saint-Médard,N
84061,1/01/1830,31/12/1976,SAINT-PIERRE,Saint-Pierre,N
84062,1/01/1830,31/12/1976,SENSENRUTH,Sensenruth,N
84063,1/01/1899,31/12/1976,SMUID,Smuid,N
84064,1/01/1830,31/12/1976,SOHIER,Sohier,N
84065,1/01/1837,31/12/1976,STRAIMONT,Straimont,N
84066,1/01/1830,31/12/1976,SUGNY,Sugny,N
84067,1/01/1830,31/12/1976,SUXY,Suxy,N
84068,1/01/0001,31/03/2014,TELLIN,Tellin,N
84068,1/04/2014,,TELLIN,Tellin,O
84069,1/01/1830,31/12/1976,TOURNAY,Tournay,N
84070,1/01/1830,31/12/1976,TRANSINNE,Transinne,N
84071,1/01/1841,31/12/1976,UCIMONT,Ucimont,N
84072,1/01/1830,31/12/1976,VESQUEVILLE,Vesqueville,N
84073,1/01/1830,31/12/1976,VILLANCE,Villance,N
84074,1/01/1830,31/12/1976,VIVY,Vivy,N
84075,1/01/0001,31/03/2014,WELLIN,Wellin,N
84075,1/04/2014,,WELLIN,Wellin,O
84076,1/01/1830,31/12/1976,WITRY,Witry,N
84077,1/01/0001,31/03/2014,LIBRAMONT-CHEVIGNY,Libramont-Chevigny,N
84077,1/04/2014,,LIBRAMONT-CHEVIGNY,Libramont-Chevigny,O
85001,1/01/1830,31/12/1976,BELLEFONTAINE,Bellefontaine (LUXEMBOURG),N
85002,1/01/1830,31/12/1976,BLEID,Bleid,N
85003,1/01/1892,31/12/1976,BUZENOL,Buzenol,N
85004,1/01/1892,31/12/1976,CHANTEMELLE,Chantemelle,N
85005,1/01/1830,31/12/1976,CHASSEPIERRE,Chassepierre,N
85006,1/01/1830,31/12/1976,CHATILLON,Châtillon,N
85007,1/01/0001,31/03/2014,CHINY,Chiny,N
85007,1/04/2014,,CHINY,Chiny,O
85008,1/01/1830,31/12/1976,DAMPICOURT,Dampicourt,N
85009,1/01/0001,31/03/2014,ETALLE,Etalle,N
85009,1/04/2014,,ETALLE,Etalle,O
85010,1/01/1830,31/12/1976,ETHE,Ethe,N
85011,1/01/0001,31/03/2014,FLORENVILLE,Florenville,N
85011,1/04/2014,,FLORENVILLE,Florenville,O
85012,1/01/1896,31/12/1976,FONTENOILLE,Fontenoille,N
85013,1/01/1830,31/12/1976,GEROUVILLE,Gérouville,N
85014,1/01/1830,31/12/1976,HABAY-LA-NEUVE,Habay-la-Neuve,N
85015,1/01/1830,31/12/1976,HABAY-LA-VIEILLE,Habay-la-Vieille,N
85016,1/01/1906,31/12/1976,HARNONCOURT,Harnoncourt,N
85017,1/01/1876,31/12/1976,HOUDEMONT,Houdemont,N
85018,1/01/1830,31/12/1976,IZEL,Izel,N
85019,1/01/1830,31/12/1976,JAMOIGNE,Jamoigne,N
85020,1/01/1830,31/12/1976,LACUISINE,Lacuisine,N
85021,1/01/1830,31/12/1976,LAMORTEAU,Lamorteau,N
85022,1/01/1830,31/12/1976,LATOUR,Latour,N
85023,1/01/1830,31/12/1976,LES BULLES,Les Bulles,N
85024,1/01/0001,31/03/2014,MEIX-DEVANT-VIRTON,Meix-devant-Virton,N
85024,1/04/2014,,MEIX-DEVANT-VIRTON,Meix-devant-Virton,O
85025,1/01/1830,31/12/1976,MUNO,Muno,N
85026,1/01/0001,31/03/2014,MUSSON,Musson,N
85026,1/04/2014,,MUSSON,Musson,O
85027,1/01/1830,31/12/1976,MUSSY-LA-VILLE,Mussy-la-Ville,N
85028,1/01/1841,31/12/1976,ROBELMONT,Robelmont,N
85029,1/01/1830,31/12/1976,ROSSIGNOL,Rossignol,N
85030,1/01/1830,31/12/1976,RUETTE,Ruette,N
85031,1/01/1830,31/12/1976,RULLES,Rulles,N
85032,1/01/1830,31/12/1976,SAINTE-CECILE,Sainte-Cécile,N
85033,1/01/1830,31/12/1976,SAINTE-MARIE,Sainte-Marie,N
85034,1/01/0001,31/03/2014,SAINT-LEGER,Saint-Léger (LUXEMBOURG),N
85034,1/04/2014,,SAINT-LEGER,Saint-Léger (LUXEMBOURG),O
85035,1/01/1830,31/12/1976,SAINT-MARD,Saint-Mard,N
85036,1/01/1887,31/12/1976,SAINT-VINCENT,Saint-Vincent,N
85037,1/01/1878,31/12/1976,SOMMETHONNE,Sommethonne,N
85038,1/01/1830,31/12/1976,TERMES,Termes,N
85039,1/01/0001,31/03/2014,TINTIGNY,Tintigny,N
85039,1/04/2014,,TINTIGNY,Tintigny,O
85040,1/01/1853,31/12/1976,TORGNY,Torgny,N
85041,1/01/1830,31/12/1976,VANCE,Vance,N
85042,1/01/1830,31/12/1976,VILLERS-DEVANT-ORVAL,Villers-devant-Orval,N
85043,1/01/1830,31/12/1976,VILLERS-LA-LOUE,Villers-la-Loue,N
85044,1/01/1830,31/12/1976,VILLERS-SUR-SEMOIS,Villers-sur-Semois,N
85045,1/01/0001,31/03/2014,VIRTON,Virton,N
85045,1/04/2014,,VIRTON,Virton,O
85046,1/01/0001,31/03/2014,HABAY,Habay,N
85046,1/04/2014,,HABAY,Habay,O
85047,1/01/0001,31/03/2014,ROUVROY,Rouvroy,N
85047,1/04/2014,,ROUVROY,Rouvroy,O
91001,1/01/1830,31/12/1976,ACHENE,Achêne,N
91002,1/01/1899,31/12/1976,ACHET,Achet,N
91003,1/01/1830,31/12/1976,ALLE,Alle,N
91004,1/01/1830,31/12/1976,AMBLY,Ambly,N
91005,1/01/0001,31/03/2014,ANHEE,Anhée,N
91005,1/04/2014,,ANHEE,Anhée,O
91006,1/01/1830,31/12/1976,ANNEVOIE-ROUILLON,Annevoie-Rouillon,N
91007,1/01/1830,31/12/1964,ANSEREMME,Anseremme,N
91008,1/01/1830,31/12/1976,AVE-ET-AUFFE,Ave-et-Auffe,N
91009,1/01/1830,31/12/1964,BAILLAMONT,Baillamont,N
91010,1/01/1830,31/12/1976,BAILLONVILLE,Baillonville,N
91011,1/01/1830,31/12/1976,BARONVILLE,Baronville,N
91012,1/01/1830,31/12/1976,BARVAUX-CONDROZ,Barvaux-Condroz,N
91013,1/01/0001,31/03/2014,BEAURAING,Beauraing,N
91013,1/04/2014,,BEAURAING,Beauraing,O
91014,1/01/1830,31/12/1964,BELLEFONTAINE,Bellefontaine (NAMUR),N
91015,1/01/0001,31/03/2014,BIEVRE,Bièvre,N
91015,1/04/2014,,BIEVRE,Bièvre,O
91016,1/01/1830,31/12/1976,BIOUL,Bioul,N
91017,1/01/1830,31/12/1976,BLAIMONT,Blaimont,N
91018,1/01/1830,31/12/1976,BOHAN,Bohan,N
91019,1/01/1830,31/12/1976,BONSIN,Bonsin,N
91020,1/01/1830,31/12/1976,BOURSEIGNE-NEUVE,Bourseigne-Neuve,N
91021,1/01/1830,31/12/1976,BOURSEIGNE-VIEILLE,Bourseigne-Vieille,N
91022,1/01/1830,31/12/1964,BOUVIGNES-SUR-MEUSE,Bouvignes-sur-Meuse,N
91023,1/01/1830,31/12/1976,BRAIBANT,Braibant,N
91024,1/01/1830,31/12/1976,BUISSONVILLE,Buissonville,N
91025,1/01/1830,31/12/1976,BURE,Bure,N
91026,1/01/1830,31/12/1976,CELLES,Celles (NAMUR),N
91027,1/01/1830,31/12/1964,CHAIRIERE,Chairière,N
91028,1/01/1830,31/12/1976,CHEVETOGNE,Chevetogne,N
91029,1/01/1830,31/12/1976,CIERGNON,Ciergnon,N
91030,1/01/0001,31/03/2014,CINEY,Ciney,N
91030,1/04/2014,,CINEY,Ciney,O
91031,1/01/1830,31/12/1976,CONNEUX,Conneux,N
91032,1/01/1830,31/12/1964,CORNIMONT,Cornimont,N
91033,1/01/1830,31/12/1976,CUSTINNE,Custinne,N
91034,1/01/0001,31/03/2014,DINANT,Dinant,N
91034,1/04/2014,,DINANT,Dinant,O
91035,1/01/1830,31/12/1976,DION,Dion,N
91036,1/01/1830,31/12/1976,DORINNE,Dorinne,N
91037,1/01/1830,31/12/1964,DREHANCE,Dréhance,N
91038,1/01/1850,31/12/1976,DURNAL,Durnal,N
91039,1/01/1830,31/12/1976,EMPTINNE,Emptinne,N
91040,1/01/1830,31/12/1976,EPRAVE,Eprave,N
91041,1/01/1830,31/12/1964,EVREHAILLES,Evrehailles,N
91042,1/01/1830,31/12/1976,FALAEN,Falaen,N
91043,1/01/1830,31/12/1976,FALMAGNE,Falmagne,N
91044,1/01/1830,31/12/1976,FALMIGNOUL,Falmignoul,N
91045,1/01/1830,31/12/1976,FELENNE,Felenne,N
91046,1/01/1830,31/12/1976,FESCHAUX,Feschaux,N
91047,1/01/1830,31/12/1976,FINNEVAUX,Finnevaux,N
91048,1/01/1830,31/12/1976,FLOSTOY,Flostoy,N
91049,1/01/1830,31/12/1976,FOCANT,Focant,N
91050,1/01/1830,31/12/1976,FOY-NOTRE-DAME,Foy-Notre-Dame,N
91051,1/01/1906,31/12/1976,FROIDFONTAINE,Froidfontaine,N
91052,1/01/1830,31/12/1976,FRONVILLE,Fronville,N
91053,1/01/1830,31/12/1976,FURFOOZ,Furfooz,N
91054,1/01/0001,31/03/2014,GEDINNE,Gedinne,N
91054,1/04/2014,,GEDINNE,Gedinne,O
91055,1/01/1830,31/12/1976,GERIN,Gerin,N
91056,1/01/1830,31/12/1976,GODINNE,Godinne,N
91057,1/01/1830,31/12/1976,GRAIDE,Graide,N
91058,1/01/1830,31/12/1963,GROS-FAYS,Gros-Fays,N
91059,1/01/0001,31/03/2014,HAMOIS,Hamois,N
91059,1/04/2014,,HAMOIS,Hamois,O
91060,1/01/1830,31/12/1976,HAN-SUR-LESSE,Han-sur-Lesse,N
91061,1/01/1830,31/12/1976,HASTIERE-LAVAUX,Hastière-Lavaux,N
91062,1/01/1830,31/12/1976,HASTIERE-PAR-DELA,Hastière-par-delà,N
91063,1/01/1830,31/12/1964,HAUT-LE-WASTIA,Haut-le-Wastia,N
91064,1/01/0001,31/03/2014,HAVELANGE,Havelange,N
91064,1/04/2014,,HAVELANGE,Havelange,O
91065,1/01/1830,31/12/1976,HEER,Heer,N
91066,1/01/1830,31/12/1976,HEURE,Heure,N
91067,1/01/1830,31/12/1976,HOGNE,Hogne,N
91068,1/01/1830,31/12/1976,HONNAY,Honnay,N
91069,1/01/1830,31/12/1976,HOUDREMONT,Houdremont,N
91070,1/01/1830,31/12/1976,HOUR,Hour,N
91071,1/01/1830,31/12/1964,HOUX,Houx,N
91072,1/01/0001,31/03/2014,HOUYET,Houyet,N
91072,1/04/2014,,HOUYET,Houyet,O
91073,1/01/1830,31/12/1976,HULSONNIAUX,Hulsonniaux,N
91074,1/01/1830,31/12/1976,JAVINGUE,Javingue,N
91075,1/01/1830,31/12/1976,JEMELLE,Jemelle,N
91076,1/01/1830,31/12/1976,JENEFFE,Jeneffe (NAMUR),N
91077,1/01/1830,31/12/1964,LAFORET,Laforêt,N
91078,1/01/1830,31/12/1976,LAVAUX-SAINTE-ANNE,Lavaux-Sainte-Anne,N
91079,1/01/1830,31/12/1976,LEIGNON,Leignon,N
91080,1/01/1830,31/12/1976,LESSIVE,Lessive,N
91081,1/01/1830,31/12/1976,LISOGNE,Lisogne,N
91082,1/01/1830,31/12/1976,LOUETTE-SAINT-DENIS,Louette-Saint-Denis,N
91083,1/01/1830,31/12/1976,LOUETTE-SAINT-PIERRE,Louette-Saint-Pierre,N
91084,1/01/1830,31/12/1976,MAFFE,Maffe,N
91085,1/01/1830,31/12/1976,MALVOISIN,Malvoisin,N
91086,1/01/1830,31/12/1976,MARTOUZIN-NEUVILLE,Martouzin-Neuville,N
91087,1/01/1887,31/12/1976,MEAN,Méan,N
91088,1/01/1830,31/12/1964,MEMBRE,Membre,N
91089,1/01/1830,31/12/1976,MESNIL-EGLISE,Mesnil-Eglise,N
91090,1/01/1830,31/12/1976,MESNIL-SAINT-BLAISE,Mesnil-Saint-Blaise,N
91091,1/01/1830,31/12/1976,MIECRET,Miécret,N
91092,1/01/1830,31/12/1976,MOHIVILLE,Mohiville,N
91093,1/01/1830,31/12/1976,MONCEAU-EN-ARDENNE,Monceau-en-Ardenne,N
91094,1/01/1865,31/12/1964,MONT,Mont (NAMUR),N
91095,1/01/1830,31/12/1976,MONT-GAUTHIER,Mont-Gauthier,N
91096,1/01/1830,31/12/1964,MOUZAIVE,Mouzaive,N
91097,1/01/1830,31/12/1976,NAFRAITURE,Nafraiture,N
91098,1/01/1830,31/12/1976,NAOME,Naomé,N
91099,1/01/1830,31/12/1976,NATOYE,Natoye,N
91100,1/01/1830,31/12/1976,NETTINNE,Nettinne,N
91101,1/01/1830,31/12/1976,NOISEUX,Noiseux,N
91102,1/01/1830,31/12/1976,OIZY,Oizy,N
91103,1/01/0001,31/03/2014,ONHAYE,Onhaye,N
91103,1/04/2014,,ONHAYE,Onhaye,O
91104,1/01/1830,31/12/1976,ORCHIMONT,Orchimont,N
91105,1/01/1830,31/12/1976,PATIGNIES,Patignies,N
91106,1/01/1830,31/12/1976,PESSOUX,Pessoux,N
91107,1/01/1830,31/12/1964,PETIT-FAYS,Petit-Fays,N
91108,1/01/1830,31/12/1976,PONDROME,Pondrôme,N
91109,1/01/1830,31/12/1976,PORCHERESSE,Porcheresse (NAMUR),N
91110,1/01/1830,31/12/1976,PURNODE,Purnode,N
91111,1/01/1830,31/12/1976,RESTEIGNE,Resteigne,N
91112,1/01/1830,31/12/1976,RIENNE,Rienne,N
91113,1/01/1830,31/12/1976,RIVIERE,Rivière,N
91114,1/01/0001,31/03/2014,ROCHEFORT,Rochefort,N
91114,1/04/2014,,ROCHEFORT,Rochefort,O
91115,1/01/1830,31/12/1976,SART-CUSTINNE,Sart-Custinne,N
91116,1/01/1830,31/12/1976,SCHALTIN,Schaltin,N
91117,1/01/1830,31/12/1976,SCY,Scy,N
91118,1/01/1830,31/12/1976,SERINCHAMPS,Serinchamps,N
91119,1/01/1830,31/12/1976,SINSIN,Sinsin,N
91120,1/01/0001,31/03/2014,SOMME-LEUZE,Somme-Leuze,N
91120,1/04/2014,,SOMME-LEUZE,Somme-Leuze,O
91121,1/01/1830,31/12/1976,SOMMIERE,Sommière,N
91122,1/01/1830,31/12/1976,SORINNES,Sorinnes,N
91123,1/01/1830,31/12/1976,SOVET,Sovet,N
91124,1/01/1830,31/12/1976,SPONTIN,Spontin,N
91125,1/01/1830,31/12/1976,THYNES,Thynes,N
91126,1/01/1830,31/12/1976,VENCIMONT,Vencimont,N
91127,1/01/1830,31/12/1976,VERLEE,Verlée,N
91128,1/01/1830,31/12/1976,VILLERS-SUR-LESSE,Villers-sur-Lesse,N
91129,1/01/1830,31/12/1976,VONECHE,Vonêche,N
91130,1/01/1830,31/12/1976,VRESSE,Vresse,N
91131,1/01/1830,31/12/1976,WAILLET,Waillet,N
91132,1/01/1830,31/12/1976,WANCENNES,Wancennes,N
91133,1/01/1830,31/12/1976,WANLIN,Wanlin,N
91134,1/01/1830,31/12/1963,WARNANT,Warnant,N
91135,1/01/1830,31/12/1976,WAULSORT,Waulsort,N
91136,1/01/1830,31/12/1976,WAVREILLE,Wavreille,N
91137,1/01/1830,31/12/1976,WEILLEN,Weillen,N
91138,1/01/1830,31/12/1976,WIESME,Wiesme,N
91139,1/01/1830,31/12/1976,WILLERZIE,Willerzie,N
91140,1/01/1830,31/12/1976,WINENNE,Winenne,N
91141,1/01/0001,31/03/2014,YVOIR,Yvoir,N
91141,1/04/2014,,YVOIR,Yvoir,O
91142,1/01/0001,31/03/2014,HASTIERE,Hastière,N
91142,1/04/2014,,HASTIERE,Hastière,O
91143,1/01/0001,31/03/2014,VRESSE-SUR-SEMOIS,Vresse-sur-Semois,N
91143,1/04/2014,,VRESSE-SUR-SEMOIS,Vresse-sur-Semois,O
92001,1/01/1830,31/12/1976,AISCHE-EN-REFAIL,Aische-en-Refail,N
92002,1/01/1871,31/12/1976,AISEMONT,Aisemont,N
92003,1/01/0001,31/03/2014,ANDENNE,Andenne,N
92003,1/04/2014,,ANDENNE,Andenne,O
92004,1/01/1830,31/12/1976,ARBRE,Arbre (NAMUR),N
92005,1/01/1887,31/12/1976,ARSIMONT,Arsimont,N
92006,1/01/0001,31/03/2014,ASSESSE,Assesse,N
92006,1/04/2014,,ASSESSE,Assesse,O
92007,1/01/1830,31/12/1976,AUVELAIS,Auvelais,N
92008,1/01/1830,31/12/1976,BALATRE,Balâtre,N
92009,1/01/1830,31/12/1976,BEEZ,Beez,N
92010,1/01/1898,31/12/1976,BELGRADE,Belgrade,N
92011,1/01/1830,31/12/1976,BEUZET,Beuzet,N
92012,1/01/1830,31/12/1976,BIERWART,Bierwart,N
92013,1/01/1830,31/12/1976,BIESME,Biesme,N
92014,1/01/1830,31/12/1976,BOIS-DE-VILLERS,Bois-de-Villers,N
92015,1/01/1830,31/12/1976,BOLINNE,Bolinne,N
92016,1/01/1830,31/12/1976,BONEFFE,Boneffe,N
92017,1/01/1830,31/12/1976,BONINNE,Boninne,N
92018,1/01/1904,31/12/1976,BONNEVILLE,Bonneville,N
92019,1/01/1830,31/12/1976,BOSSIERE,Bossière,N
92020,1/01/1830,31/12/1976,BOTHEY,Bothey,N
92021,1/01/1830,31/12/1976,BOUGE,Bouge,N
92022,1/01/1830,31/12/1976,BOVESSE,Bovesse,N
92023,1/01/1830,31/12/1976,BRANCHON,Branchon,N
92024,1/01/1830,31/12/1976,CHAMPION,Champion,N
92025,1/01/1925,31/12/1976,COGNELEE,Cognelée,N
92026,1/01/1830,31/12/1976,CORROY-LE-CHATEAU,Corroy-le-Château,N
92027,1/01/1830,31/12/1976,CORTIL-WODON,Cortil-Wodon,N
92028,1/01/1830,31/12/1976,COURRIERE,Courrière,N
92029,1/01/1887,31/12/1976,COUTISSE,Coutisse,N
92030,1/01/1830,31/12/1976,CRUPET,Crupet,N
92031,1/01/1830,31/12/1976,DAUSSOULX,Daussoulx,N
92032,1/01/1830,31/12/1976,DAVE,Dave,N
92033,1/01/1830,31/12/1976,DENEE,Denée,N
92034,1/01/1830,31/12/1976,DHUY,Dhuy,N
92035,1/01/0001,31/03/2014,EGHEZEE,Eghezée,N
92035,1/04/2014,,EGHEZEE,Eghezée,O
92036,1/01/1830,31/12/1976,EMINES,Emines,N
92037,1/01/1830,31/12/1976,ERMETON-SUR-BIERT,Ermeton-sur-Biert,N
92038,1/01/1830,31/12/1964,ERNAGE,Ernage,N
92039,1/01/1830,31/12/1976,ERPENT,Erpent,N
92040,1/01/1830,31/12/1976,EVELETTE,Evelette,N
92041,1/01/1830,31/12/1976,FALISOLLE,Falisolle,N
92042,1/01/1900,31/12/1976,FAULX-LES-TOMBES,Faulx-les-Tombes,N
92043,1/01/1830,31/12/1976,FLAWINNE,Flawinne,N
92044,1/01/1830,31/12/1976,FLOREE,Florée,N
92045,1/01/0001,31/03/2014,FLOREFFE,Floreffe,N
92045,1/04/2014,,FLOREFFE,Floreffe,O
92046,1/01/1830,31/12/1976,FLORIFFOUX,Floriffoux,N
92047,1/01/1830,31/12/1976,FORVILLE,Forville,N
92048,1/01/0001,31/03/2014,FOSSES-LA-VILLE,Fosses-la-Ville,N
92048,1/04/2014,,FOSSES-LA-VILLE,Fosses-la-Ville,O
92049,1/01/1830,31/12/1976,FRANC-WARET,Franc-Waret,N
92050,1/01/1830,31/12/1976,FRANIERE,Franière,N
92051,1/01/1830,31/12/1976,FURNAUX,Furnaux,N
92052,1/01/1830,31/12/1976,GELBRESSEE,Gelbressée,N
92053,1/01/1830,31/12/1976,GEMBLOUX,Gembloux,N
92054,1/01/0001,31/03/2014,GESVES,Gesves,N
92054,1/04/2014,,GESVES,Gesves,O
92055,1/01/1830,31/12/1976,GOESNES,Goesnes,N
92056,1/01/1830,31/12/1976,GRAND-LEEZ,Grand-Leez,N
92057,1/01/1830,31/12/1964,GRAND-MANIL,Grand-Manil,N
92058,1/01/1830,31/12/1976,GRAUX,Graux,N
92059,1/01/1830,31/12/1976,HAILLOT,Haillot,N
92060,1/01/1830,31/12/1976,HALTINNE,Haltinne,N
92061,1/01/1830,31/12/1976,HAM-SUR-SAMBRE,Ham-sur-Sambre,N
92062,1/01/1830,31/12/1976,HANRET,Hanret,N
92063,1/01/1830,31/12/1976,HEMPTINNE,Hemptinne (FERNELMONT),N
92064,1/01/1830,31/12/1976,HINGEON,Hingeon,N
92065,1/01/1830,31/12/1976,ISNES,Isnes,N
92066,1/01/1830,31/12/1976,JALLET,Jallet,N
92067,1/01/1830,31/12/1976,JAMBES,Jambes,N
92068,1/01/1830,31/12/1976,JEMEPPE,Jemeppe (NAMUR),N
92069,1/01/1830,31/12/1976,KEUMIEE,Keumiée,N
92070,1/01/1830,31/12/1976,LE ROUX,Le Roux,N
92071,1/01/1830,31/12/1976,LESVE,Lesve,N
92072,1/01/1830,31/12/1976,LEUZE,Leuze (NAMUR),N
92073,1/01/1830,31/12/1976,LIERNU,Liernu,N
92074,1/01/1830,31/12/1976,LIGNY,Ligny,N
92075,1/01/1830,31/12/1976,LIVES-SUR-MEUSE,Lives-sur-Meuse,N
92076,1/01/1830,31/12/1976,LONGCHAMPS,Longchamps (NAMUR),N
92077,1/01/1830,31/12/1964,LONZEE,Lonzée,N
92078,1/01/1830,31/12/1976,LOYERS,Loyers,N
92079,1/01/1830,31/12/1976,LUSTIN,Lustin,N
92080,1/01/1830,31/12/1976,MAILLEN,Maillen,N
92081,1/01/1830,31/12/1976,MAIZERET,Maizeret,N
92082,1/01/1830,31/12/1976,MALONNE,Malonne,N
92083,1/01/1830,31/12/1976,MARCHE-LES-DAMES,Marche-les-Dames,N
92084,1/01/1830,31/12/1976,MARCHOVELETTE,Marchovelette,N
92085,1/01/1830,31/12/1976,MAZY,Mazy,N
92086,1/01/1830,31/12/1976,MEHAIGNE,Mehaigne,N
92087,1/01/0001,31/03/2014,METTET,Mettet,N
92087,1/04/2014,,METTET,Mettet,O
92088,1/01/1830,31/12/1976,MEUX,Meux,N
92089,1/01/1830,31/12/1976,MOIGNELEE,Moignelée,N
92090,1/01/1830,31/12/1976,MORNIMONT,Mornimont,N
92091,1/01/1830,31/12/1976,MOUSTIER,Moustier (NAMUR),N
92092,1/01/1830,31/12/1976,MOZET,Mozet,N
92093,1/01/1830,31/12/1976,NAMECHE,Namêche,N
92094,1/01/0001,31/03/2014,NAMUR,Namur,N
92094,1/04/2014,,NAMUR,Namur,O
92095,1/01/1859,31/12/1976,NANINNE,Naninne,N
92096,1/01/1830,31/12/1976,NOVILLE-LES-BOIS,Noville-les-Bois,N
92097,1/01/0001,31/03/2014,OHEY,Ohey,N
92097,1/04/2014,,OHEY,Ohey,O
92098,1/01/1830,31/12/1976,ONOZ,Onoz,N
92099,1/01/1830,31/12/1976,PERWEZ,Perwez (NAMUR),N
92100,1/01/1830,31/12/1976,PONTILLAS,Pontillas,N
92101,1/01/0001,31/03/2014,PROFONDEVILLE,Profondeville,N
92101,1/04/2014,,PROFONDEVILLE,Profondeville,O
92102,1/01/1830,31/12/1976,RHISNES,Rhisnes,N
92103,1/01/1830,31/12/1976,SAINT-DENIS,Saint-Denis (NAMUR),N
92104,1/01/1830,31/12/1976,SAINT-GERARD,Saint-Gérard,N
92105,1/01/1830,31/12/1976,SAINT-GERMAIN,Saint-Germain,N
92106,1/01/1830,31/12/1976,SAINT-MARC,Saint-Marc,N
92107,1/01/1830,31/12/1976,SAINT-MARTIN,Saint-Martin,N
92108,1/01/1830,31/12/1976,SAINT-SERVAIS,Saint-Servais,N
92109,1/01/1870,31/12/1976,SART-BERNARD,Sart-Bernard,N
92110,1/01/1830,31/12/1976,SART-EUSTACHE,Sart-Eustache,N
92111,1/01/1890,31/12/1976,SART-SAINT-LAURENT,Sart-Saint-Laurent,N
92112,1/01/1830,31/12/1964,SAUVENIERE,Sauvenière,N
92113,1/01/1830,31/12/1976,SCLAYN,Sclayn,N
92114,1/01/0001,31/03/2014,SOMBREFFE,Sombreffe,N
92114,1/04/2014,,SOMBREFFE,Sombreffe,O
92115,1/01/1830,31/12/1976,SOREE,Sorée,N
92116,1/01/1874,31/12/1976,SORINNE-LA-LONGUE,Sorinne-la-Longue,N
92117,1/01/1830,31/12/1976,SOSOYE,Sosoye,N
92118,1/01/1830,31/12/1976,SOYE,Soye,N
92119,1/01/1830,31/12/1976,SPY,Spy,N
92120,1/01/1830,31/12/1976,SUARLEE,Suarlée,N
92121,1/01/1830,31/12/1976,TAMINES,Tamines,N
92122,1/01/1830,31/12/1976,TAVIERS,Taviers,N
92123,1/01/1830,31/12/1976,TEMPLOUX,Temploux,N
92124,1/01/1830,31/12/1976,THON,Thon,N
92125,1/01/1830,31/12/1976,TILLIER,Tillier,N
92126,1/01/1830,31/12/1976,TONGRINNE,Tongrinne,N
92127,1/01/1837,31/12/1976,UPIGNY,Upigny,N
92128,1/01/1830,31/12/1976,VEDRIN,Vedrin,N
92129,1/01/1830,31/12/1976,VELAINE,Velaine,N
92130,1/01/1830,31/12/1976,VEZIN,Vezin,N
92131,1/01/1888,31/12/1976,VILLERS-LEZ-HEEST,Villers-lez-Heest,N
92132,1/01/1830,31/12/1976,VITRIVAL,Vitrival,N
92133,1/01/1830,31/12/1976,WARET-LA-CHAUSSEE,Waret-la-Chaussée,N
92134,1/01/1830,31/12/1976,WARISOULX,Warisoulx,N
92135,1/01/1830,31/12/1976,WEPION,Wépion,N
92136,1/01/1830,31/12/1976,WIERDE,Wierde,N
92137,1/01/0001,31/03/2014,SAMBREVILLE,Sambreville,N
92137,1/04/2014,,SAMBREVILLE,Sambreville,O
92138,1/01/0001,31/03/2014,FERNELMONT,Fernelmont,N
92138,1/04/2014,,FERNELMONT,Fernelmont,O
92140,1/01/0001,31/03/2014,JEMEPPE-SUR-SAMBRE,Jemeppe-sur-Sambre,N
92140,1/04/2014,,JEMEPPE-SUR-SAMBRE,Jemeppe-sur-Sambre,O
92141,1/01/0001,31/03/2014,LA BRUYERE,La Bruyère,N
92141,1/04/2014,,LA BRUYERE,La Bruyère,O
92142,1/01/0001,31/03/2014,GEMBLOUX,Gembloux,N
92142,1/04/2014,,GEMBLOUX,Gembloux,O
93001,1/01/1830,31/12/1976,AGIMONT,Agimont,N
93002,1/01/1830,31/12/1976,ANTHEE,Anthée,N
93003,1/01/1830,31/12/1976,AUBLAIN,Aublain,N
93004,1/01/1830,31/12/1976,BERZEE,Berzée,N
93005,1/01/1830,31/12/1976,BIESMEREE,Biesmerée,N
93006,1/01/1830,31/12/1976,BOUSSU-EN-FAGNE,Boussu-en-Fagne,N
93007,1/01/1830,31/12/1976,BRULY,Brûly,N
93008,1/01/1867,31/12/1976,BRULY-DE-PESCHE,Brûly-de-Pesche,N
93009,1/01/1830,31/12/1976,CASTILLON,Castillon,N
93010,1/01/0001,31/03/2014,CERFONTAINE,Cerfontaine,N
93010,1/04/2014,,CERFONTAINE,Cerfontaine,O
93011,1/01/1830,31/12/1976,CHASTRES,Chastrès,N
93012,1/01/1830,31/12/1976,CLERMONT,Clermont (NAMUR),N
93013,1/01/1830,31/12/1976,CORENNE,Corenne,N
93014,1/01/0001,31/03/2014,COUVIN,Couvin,N
93014,1/04/2014,,COUVIN,Couvin,O
93015,1/01/1830,31/12/1976,CUL-DES-SARTS,Cul-des-Sarts,N
93016,1/01/1830,31/12/1976,DAILLY,Dailly,N
93017,1/01/1830,31/12/1976,DAUSSOIS,Daussois,N
93018,1/01/0001,31/03/2014,DOISCHE,Doische,N
93018,1/04/2014,,DOISCHE,Doische,O
93019,1/01/1830,31/12/1976,DOURBES,Dourbes,N
93020,1/01/1830,31/12/1976,FAGNOLLE,Fagnolle,N
93021,1/01/1830,31/12/1976,FLAVION,Flavion,N
93022,1/01/0001,31/03/2014,FLORENNES,Florennes,N
93022,1/04/2014,,FLORENNES,Florennes,O
93023,1/01/1830,31/12/1976,FONTENELLE,Fontenelle,N
93024,1/01/1830,31/12/1976,FRAIRE,Fraire,N
93025,1/01/1830,31/12/1976,FRANCHIMONT,Franchimont,N
93026,1/01/1830,31/12/1976,FRASNES,Frasnes,N
93027,1/01/1830,31/12/1976,GIMNEE,Gimnée,N
93028,1/01/1830,31/12/1976,GOCHENEE,Gochenée,N
93029,1/01/1830,31/12/1976,GONRIEUX,Gonrieux,N
93030,1/01/1830,31/12/1976,GOURDINNE,Gourdinne,N
93031,1/01/1830,31/12/1976,HANZINELLE,Hanzinelle,N
93032,1/01/1830,31/12/1976,HANZINNE,Hanzinne,N
93033,1/01/1830,31/12/1976,HEMPTINNE,Hemptinne (FLORENNES),N
93034,1/01/1830,31/12/1976,HERMETON-SUR-MEUSE,Hermeton-sur-Meuse,N
93035,1/01/1830,31/12/1976,JAMAGNE,Jamagne,N
93036,1/01/1830,31/12/1976,JAMIOLLE,Jamiolle,N
93037,1/01/1830,31/12/1976,LANEFFE,Laneffe,N
93038,1/01/1830,31/12/1976,LE MESNIL,Le Mesnil,N
93039,1/01/1830,31/12/1976,MARIEMBOURG,Mariembourg,N
93040,1/01/1830,31/12/1976,MATAGNE-LA-GRANDE,Matagne-la-Grande,N
93041,1/01/1830,31/12/1976,MATAGNE-LA-PETITE,Matagne-la-Petite,N
93042,1/01/1830,31/12/1976,MAZEE,Mazée,N
93043,1/01/1830,31/12/1976,MERLEMONT,Merlemont,N
93044,1/01/1830,31/12/1976,MORIALME,Morialmé,N
93045,1/01/1892,31/12/1976,MORVILLE,Morville,N
93046,1/01/1830,31/12/1976,NEUVILLE,Neuville,N
93047,1/01/1830,31/12/1976,NISMES,Nismes,N
93048,1/01/1830,31/12/1976,NIVERLEE,Niverlée,N
93049,1/01/1830,31/12/1976,OIGNIES-EN-THIERACHE,Oignies-en-Thiérache,N
93050,1/01/1830,31/12/1976,OLLOY-SUR-VIROIN,Olloy-sur-Viroin,N
93051,1/01/1830,31/12/1976,OMEZEE,Omezée,N
93052,1/01/1830,31/12/1976,ORET,Oret,N
93053,1/01/1830,31/12/1976,PESCHE,Pesche,N
93054,1/01/1830,31/12/1976,PETIGNY,Petigny,N
93055,1/01/1837,31/12/1976,PETITE-CHAPELLE,Petite-Chapelle,N
93056,1/01/0001,31/03/2014,PHILIPPEVILLE,Philippeville,N
93056,1/04/2014,,PHILIPPEVILLE,Philippeville,O
93057,1/01/1913,31/12/1976,PRESGAUX,Presgaux,N
93058,1/01/1830,31/12/1976,PRY,Pry,N
93059,1/01/1830,31/12/1976,ROGNEE,Rognée,N
93060,1/01/1830,31/12/1976,ROLY,Roly,N
93061,1/01/1901,31/12/1976,ROMEDENNE,Romedenne,N
93062,1/01/1830,31/12/1976,ROMEREE,Romerée,N
93063,1/01/1830,31/12/1976,ROSEE,Rosée,N
93064,1/01/1830,31/12/1976,SAINT-AUBIN,Saint-Aubin,N
93065,1/01/1830,31/12/1976,SAMART,Samart,N
93066,1/01/1830,31/12/1976,SART-EN-FAGNE,Sart-en-Fagne,N
93067,1/01/1830,31/12/1976,SAUTOUR,Sautour,N
93068,1/01/1830,31/12/1976,SENZEILLE,Senzeille,N
93069,1/01/1830,31/12/1976,SERVILLE,Serville,N
93070,1/01/1830,31/12/1976,SILENRIEUX,Silenrieux,N
93071,1/01/1830,31/12/1976,SOMZEE,Somzée,N
93072,1/01/1830,31/12/1976,SOULME,Soulme,N
93073,1/01/1830,31/12/1976,SOUMOY,Soumoy,N
93074,1/01/1830,31/12/1976,STAVE,Stave,N
93075,1/01/1830,31/12/1976,SURICE,Surice,N
93076,1/01/1830,31/12/1976,TARCIENNE,Tarcienne,N
93077,1/01/1830,31/12/1976,THY-LE-BAUDUIN,Thy-le-Bauduin,N
93078,1/01/1830,31/12/1976,THY-LE-CHATEAU,Thy-le-Château,N
93079,1/01/1830,31/12/1976,TREIGNES,Treignes,N
93080,1/01/1830,31/12/1976,VAUCELLES,Vaucelles,N
93081,1/01/1830,31/12/1976,VIERVES-SUR-VIROIN,Vierves-sur-Viroin,N
93082,1/01/1830,31/12/1976,VILLERS-DEUX-EGLISES,Villers-Deux-Eglises,N
93083,1/01/1830,31/12/1976,VILLERS-EN-FAGNE,Villers-en-Fagne,N
93084,1/01/1830,31/12/1976,VILLERS-LE-GAMBON,Villers-le-Gambon,N
93085,1/01/1830,31/12/1976,VODECEE,Vodecée,N
93086,1/01/1830,31/12/1976,VODELEE,Vodelée,N
93087,1/01/1830,31/12/1976,VOGENEE,Vogenée,N
93088,1/01/0001,31/03/2014,WALCOURT,Walcourt,N
93088,1/04/2014,,WALCOURT,Walcourt,O
93089,1/01/1830,31/12/1976,YVES-GOMEZEE,Yves-Gomezée,N
93090,1/01/0001,31/03/2014,VIROINVAL,Viroinval,N
93090,1/04/2014,,VIROINVAL,Viroinval,O
